fold,patient,image_name,TP,FP,TN,FN,IoU,Precision,Recall,Pixel Accuracy
3,TCGA_CS_4942,TCGA_CS_4942_19970222_1.tif,0,0,65536,0,0.0,0.0,0.0,0.9999999999998475
3,TCGA_CS_4942,TCGA_CS_4942_19970222_10.tif,487,3134,61145,770,0.11090867683873626,0.1344932339129122,0.3874303898139425,0.9404296874998566
3,TCGA_CS_4942,TCGA_CS_4942_19970222_11.tif,382,3314,60683,1157,0.07871419740350565,0.10335497835469871,0.24821312540449506,0.9317779541014204
3,TCGA_CS_4942,TCGA_CS_4942_19970222_12.tif,329,3333,60820,1054,0.06976251060205733,0.08984161660270387,0.2378886478652358,0.9330596923826702
3,TCGA_CS_4942,TCGA_CS_4942_19970222_13.tif,264,3382,60938,952,0.05741626794245886,0.07240811848581348,0.21710526315610934,0.9338684082029826
3,TCGA_CS_4942,TCGA_CS_4942_19970222_14.tif,0,3558,61217,761,0.0,0.0,0.0,0.9340972900389201
3,TCGA_CS_4942,TCGA_CS_4942_19970222_15.tif,0,3638,61898,0,0.0,0.0,0.0,0.9444885253904809
3,TCGA_CS_4942,TCGA_CS_4942_19970222_16.tif,0,3782,61754,0,0.0,0.0,0.0,0.9422912597654812
3,TCGA_CS_4942,TCGA_CS_4942_19970222_17.tif,0,4099,61437,0,0.0,0.0,0.0,0.9374542236326695
3,TCGA_CS_4942,TCGA_CS_4942_19970222_18.tif,0,4666,60870,0,0.0,0.0,0.0,0.9288024902342333
3,TCGA_CS_4942,TCGA_CS_4942_19970222_19.tif,0,5811,59725,0,0.0,0.0,0.0,0.9113311767576735
3,TCGA_CS_4942,TCGA_CS_4942_19970222_2.tif,0,4342,61194,0,0.0,0.0,0.0,0.9337463378904826
3,TCGA_CS_4942,TCGA_CS_4942_19970222_20.tif,0,0,65536,0,0.0,0.0,0.0,0.9999999999998475
3,TCGA_CS_4942,TCGA_CS_4942_19970222_3.tif,0,4298,61238,0,0.0,0.0,0.0,0.9344177246092324
3,TCGA_CS_4942,TCGA_CS_4942_19970222_4.tif,0,4289,61247,0,0.0,0.0,0.0,0.934555053710795
3,TCGA_CS_4942,TCGA_CS_4942_19970222_5.tif,0,3760,61776,0,0.0,0.0,0.0,0.9426269531248562
3,TCGA_CS_4942,TCGA_CS_4942_19970222_6.tif,0,4052,61484,0,0.0,0.0,0.0,0.9381713867186069
3,TCGA_CS_4942,TCGA_CS_4942_19970222_7.tif,0,3212,62324,0,0.0,0.0,0.0,0.9509887695311049
3,TCGA_CS_4942,TCGA_CS_4942_19970222_8.tif,0,3121,62415,0,0.0,0.0,0.0,0.9523773193357922
3,TCGA_CS_4942,TCGA_CS_4942_19970222_9.tif,55,3368,61212,901,0.012719703977768919,0.01606777680392618,0.05753138075253628,0.934860229492045
3,TCGA_CS_5397,TCGA_CS_5397_20010315_1.tif,0,0,65536,0,0.0,0.0,0.0,0.9999999999998475
3,TCGA_CS_5397,TCGA_CS_5397_20010315_10.tif,0,1015,63058,1463,0.0,0.0,0.0,0.9621887207029782
3,TCGA_CS_5397,TCGA_CS_5397_20010315_11.tif,0,470,64221,845,0.0,0.0,0.0,0.9799346923826631
3,TCGA_CS_5397,TCGA_CS_5397_20010315_12.tif,0,540,64601,395,0.0,0.0,0.0,0.9857330322264122
3,TCGA_CS_5397,TCGA_CS_5397_20010315_13.tif,0,671,64865,0,0.0,0.0,0.0,0.9897613525389115
3,TCGA_CS_5397,TCGA_CS_5397_20010315_14.tif,0,608,64928,0,0.0,0.0,0.0,0.9907226562498489
3,TCGA_CS_5397,TCGA_CS_5397_20010315_15.tif,0,575,64961,0,0.0,0.0,0.0,0.9912261962889113
3,TCGA_CS_5397,TCGA_CS_5397_20010315_16.tif,0,412,65124,0,0.0,0.0,0.0,0.9937133789060985
3,TCGA_CS_5397,TCGA_CS_5397_20010315_17.tif,0,1345,64191,0,0.0,0.0,0.0,0.9794769287107881
3,TCGA_CS_5397,TCGA_CS_5397_20010315_18.tif,0,1466,64070,0,0.0,0.0,0.0,0.9776306152342259
3,TCGA_CS_5397,TCGA_CS_5397_20010315_19.tif,0,1288,64248,0,0.0,0.0,0.0,0.9803466796873505
3,TCGA_CS_5397,TCGA_CS_5397_20010315_2.tif,0,2989,62547,0,0.0,0.0,0.0,0.954391479492042
3,TCGA_CS_5397,TCGA_CS_5397_20010315_20.tif,0,4236,61300,0,0.0,0.0,0.0,0.9353637695311073
3,TCGA_CS_5397,TCGA_CS_5397_20010315_21.tif,0,4015,61521,0,0.0,0.0,0.0,0.9387359619139193
3,TCGA_CS_5397,TCGA_CS_5397_20010315_22.tif,0,3084,62452,0,0.0,0.0,0.0,0.9529418945311047
3,TCGA_CS_5397,TCGA_CS_5397_20010315_3.tif,0,1735,63801,0,0.0,0.0,0.0,0.973526000976414
3,TCGA_CS_5397,TCGA_CS_5397_20010315_4.tif,0,2277,63259,0,0.0,0.0,0.0,0.9652557373045403
3,TCGA_CS_5397,TCGA_CS_5397_20010315_5.tif,0,1951,63585,0,0.0,0.0,0.0,0.9702301025389145
3,TCGA_CS_5397,TCGA_CS_5397_20010315_6.tif,0,1947,63589,0,0.0,0.0,0.0,0.9702911376951645
3,TCGA_CS_5397,TCGA_CS_5397_20010315_7.tif,0,2021,63088,427,0.0,0.0,0.0,0.9626464843748531
3,TCGA_CS_5397,TCGA_CS_5397_20010315_8.tif,0,1814,62988,734,0.0,0.0,0.0,0.9611206054686033
3,TCGA_CS_5397,TCGA_CS_5397_20010315_9.tif,0,1355,62967,1214,0.0,0.0,0.0,0.960800170898291
3,TCGA_CS_6668,TCGA_CS_6668_20011025_1.tif,0,5180,60356,0,0.0,0.0,0.0,0.9209594726561096
3,TCGA_CS_6668,TCGA_CS_6668_20011025_10.tif,0,2409,63127,0,0.0,0.0,0.0,0.9632415771482906
3,TCGA_CS_6668,TCGA_CS_6668_20011025_11.tif,0,2042,63494,0,0.0,0.0,0.0,0.9688415527342272
3,TCGA_CS_6668,TCGA_CS_6668_20011025_12.tif,0,2129,63407,0,0.0,0.0,0.0,0.96751403808579
3,TCGA_CS_6668,TCGA_CS_6668_20011025_13.tif,0,2310,63226,0,0.0,0.0,0.0,0.9647521972654778
3,TCGA_CS_6668,TCGA_CS_6668_20011025_14.tif,0,1866,63670,0,0.0,0.0,0.0,0.9715270996092268
3,TCGA_CS_6668,TCGA_CS_6668_20011025_15.tif,0,1469,63398,669,0.0,0.0,0.0,0.9673767089842275
3,TCGA_CS_6668,TCGA_CS_6668_20011025_16.tif,0,1780,62387,1369,0.0,0.0,0.0,0.9519500732420423
3,TCGA_CS_6668,TCGA_CS_6668_20011025_17.tif,0,1611,62312,1613,0.0,0.0,0.0,0.950805664062355
3,TCGA_CS_6668,TCGA_CS_6668_20011025_18.tif,0,1527,62400,1609,0.0,0.0,0.0,0.9521484374998548
3,TCGA_CS_6668,TCGA_CS_6668_20011025_19.tif,0,1256,62911,1369,0.0,0.0,0.0,0.9599456787107911
3,TCGA_CS_6668,TCGA_CS_6668_20011025_2.tif,0,4919,60617,0,0.0,0.0,0.0,0.9249420166014214
3,TCGA_CS_6668,TCGA_CS_6668_20011025_20.tif,0,507,64483,546,0.0,0.0,0.0,0.9839324951170374
3,TCGA_CS_6668,TCGA_CS_6668_20011025_21.tif,0,454,65034,48,0.0,0.0,0.0,0.9923400878904737
3,TCGA_CS_6668,TCGA_CS_6668_20011025_22.tif,0,543,64993,0,0.0,0.0,0.0,0.9917144775389112
3,TCGA_CS_6668,TCGA_CS_6668_20011025_23.tif,0,1023,64513,0,0.0,0.0,0.0,0.9843902587889123
3,TCGA_CS_6668,TCGA_CS_6668_20011025_24.tif,0,1711,63825,0,0.0,0.0,0.0,0.973892211913914
3,TCGA_CS_6668,TCGA_CS_6668_20011025_25.tif,0,2813,62723,0,0.0,0.0,0.0,0.9570770263670415
3,TCGA_CS_6668,TCGA_CS_6668_20011025_26.tif,0,4077,61459,0,0.0,0.0,0.0,0.9377899169920444
3,TCGA_CS_6668,TCGA_CS_6668_20011025_27.tif,0,4249,61287,0,0.0,0.0,0.0,0.9351654052732948
3,TCGA_CS_6668,TCGA_CS_6668_20011025_28.tif,0,864,64672,0,0.0,0.0,0.0,0.9868164062498495
3,TCGA_CS_6668,TCGA_CS_6668_20011025_3.tif,0,4085,61451,0,0.0,0.0,0.0,0.9376678466795445
3,TCGA_CS_6668,TCGA_CS_6668_20011025_4.tif,0,4638,60898,0,0.0,0.0,0.0,0.9292297363279832
3,TCGA_CS_6668,TCGA_CS_6668_20011025_5.tif,0,4170,61366,0,0.0,0.0,0.0,0.9363708496092321
3,TCGA_CS_6668,TCGA_CS_6668_20011025_6.tif,0,4078,61458,0,0.0,0.0,0.0,0.9377746582029819
3,TCGA_CS_6668,TCGA_CS_6668_20011025_7.tif,0,3166,62370,0,0.0,0.0,0.0,0.9516906738279798
3,TCGA_CS_6668,TCGA_CS_6668_20011025_8.tif,0,2674,62862,0,0.0,0.0,0.0,0.9591979980467287
3,TCGA_CS_6668,TCGA_CS_6668_20011025_9.tif,0,2351,63185,0,0.0,0.0,0.0,0.9641265869139154
3,TCGA_DU_5853,TCGA_DU_5853_19950823_1.tif,0,1731,63805,0,0.0,0.0,0.0,0.973587036132664
3,TCGA_DU_5853,TCGA_DU_5853_19950823_10.tif,0,1445,64091,0,0.0,0.0,0.0,0.9779510498045383
3,TCGA_DU_5853,TCGA_DU_5853_19950823_11.tif,0,1374,64162,0,0.0,0.0,0.0,0.9790344238279757
3,TCGA_DU_5853,TCGA_DU_5853_19950823_12.tif,0,1043,64493,0,0.0,0.0,0.0,0.9840850830076624
3,TCGA_DU_5853,TCGA_DU_5853_19950823_13.tif,0,1156,64380,0,0.0,0.0,0.0,0.9823608398436001
3,TCGA_DU_5853,TCGA_DU_5853_19950823_14.tif,0,785,64751,0,0.0,0.0,0.0,0.9880218505857867
3,TCGA_DU_5853,TCGA_DU_5853_19950823_15.tif,0,532,65004,0,0.0,0.0,0.0,0.9918823242185987
3,TCGA_DU_5853,TCGA_DU_5853_19950823_16.tif,0,345,65191,0,0.0,0.0,0.0,0.9947357177732857
3,TCGA_DU_5853,TCGA_DU_5853_19950823_17.tif,0,419,65117,0,0.0,0.0,0.0,0.993606567382661
3,TCGA_DU_5853,TCGA_DU_5853_19950823_18.tif,0,343,65193,0,0.0,0.0,0.0,0.9947662353514107
3,TCGA_DU_5853,TCGA_DU_5853_19950823_19.tif,0,458,65078,0,0.0,0.0,0.0,0.9930114746092236
3,TCGA_DU_5853,TCGA_DU_5853_19950823_2.tif,0,2069,63467,0,0.0,0.0,0.0,0.9684295654295397
3,TCGA_DU_5853,TCGA_DU_5853_19950823_20.tif,0,587,64949,0,0.0,0.0,0.0,0.9910430908201613
3,TCGA_DU_5853,TCGA_DU_5853_19950823_21.tif,0,434,65102,0,0.0,0.0,0.0,0.9933776855467235
3,TCGA_DU_5853,TCGA_DU_5853_19950823_22.tif,0,382,65154,0,0.0,0.0,0.0,0.9941711425779733
3,TCGA_DU_5853,TCGA_DU_5853_19950823_23.tif,0,330,65206,0,0.0,0.0,0.0,0.9949645996092232
3,TCGA_DU_5853,TCGA_DU_5853_19950823_24.tif,0,385,65151,0,0.0,0.0,0.0,0.9941253662107858
3,TCGA_DU_5853,TCGA_DU_5853_19950823_25.tif,0,365,64844,327,0.0,0.0,0.0,0.9894409179685991
3,TCGA_DU_5853,TCGA_DU_5853_19950823_26.tif,0,417,64439,680,0.0,0.0,0.0,0.9832611083982875
3,TCGA_DU_5853,TCGA_DU_5853_19950823_27.tif,12,801,63833,890,0.007046388725736663,0.014760147601294463,0.013303769401182886,0.9741973876951638
3,TCGA_DU_5853,TCGA_DU_5853_19950823_28.tif,16,808,63563,1149,0.008109477952315714,0.01941747572791969,0.013733905579281256,0.9701385498045395
3,TCGA_DU_5853,TCGA_DU_5853_19950823_29.tif,144,1451,62903,1038,0.054690467147532514,0.09028213166087598,0.12182741116648202,0.9620208740232907
3,TCGA_DU_5853,TCGA_DU_5853_19950823_3.tif,0,1357,64179,0,0.0,0.0,0.0,0.9792938232420381
3,TCGA_DU_5853,TCGA_DU_5853_19950823_30.tif,182,1188,63185,981,0.07741386643948357,0.13284671532749748,0.15649183146898976,0.96690368652329
3,TCGA_DU_5853,TCGA_DU_5853_19950823_31.tif,295,1558,63075,608,0.11986997155579086,0.15920129519611873,0.32668881505729025,0.9669494628904775
3,TCGA_DU_5853,TCGA_DU_5853_19950823_32.tif,0,2152,63384,0,0.0,0.0,0.0,0.9671630859373525
3,TCGA_DU_5853,TCGA_DU_5853_19950823_33.tif,0,1038,64498,0,0.0,0.0,0.0,0.9841613769529749
3,TCGA_DU_5853,TCGA_DU_5853_19950823_34.tif,0,1184,64352,0,0.0,0.0,0.0,0.9819335937498502
3,TCGA_DU_5853,TCGA_DU_5853_19950823_35.tif,0,1252,64284,0,0.0,0.0,0.0,0.9808959960936003
3,TCGA_DU_5853,TCGA_DU_5853_19950823_36.tif,0,514,65022,0,0.0,0.0,0.0,0.9921569824217237
3,TCGA_DU_5853,TCGA_DU_5853_19950823_4.tif,0,1846,63690,0,0.0,0.0,0.0,0.9718322753904768
3,TCGA_DU_5853,TCGA_DU_5853_19950823_5.tif,0,2002,63534,0,0.0,0.0,0.0,0.9694519042967271
3,TCGA_DU_5853,TCGA_DU_5853_19950823_6.tif,0,1230,64306,0,0.0,0.0,0.0,0.9812316894529753
3,TCGA_DU_5853,TCGA_DU_5853_19950823_7.tif,0,1394,64142,0,0.0,0.0,0.0,0.9787292480467257
3,TCGA_DU_5853,TCGA_DU_5853_19950823_8.tif,0,1216,64320,0,0.0,0.0,0.0,0.9814453124998502
3,TCGA_DU_5853,TCGA_DU_5853_19950823_9.tif,0,631,64905,0,0.0,0.0,0.0,0.9903717041014114
3,TCGA_DU_5874,TCGA_DU_5874_19950510_1.tif,0,3002,62534,0,0.0,0.0,0.0,0.9541931152342294
3,TCGA_DU_5874,TCGA_DU_5874_19950510_10.tif,0,991,64545,0,0.0,0.0,0.0,0.9848785400389123
3,TCGA_DU_5874,TCGA_DU_5874_19950510_11.tif,0,2563,62973,0,0.0,0.0,0.0,0.960891723632666
3,TCGA_DU_5874,TCGA_DU_5874_19950510_12.tif,0,2100,63436,0,0.0,0.0,0.0,0.9679565429686023
3,TCGA_DU_5874,TCGA_DU_5874_19950510_13.tif,0,2019,63517,0,0.0,0.0,0.0,0.9691925048826646
3,TCGA_DU_5874,TCGA_DU_5874_19950510_14.tif,0,2226,63310,0,0.0,0.0,0.0,0.9660339355467277
3,TCGA_DU_5874,TCGA_DU_5874_19950510_15.tif,0,2036,63500,0,0.0,0.0,0.0,0.9689331054686022
3,TCGA_DU_5874,TCGA_DU_5874_19950510_16.tif,0,1626,63910,0,0.0,0.0,0.0,0.9751892089842262
3,TCGA_DU_5874,TCGA_DU_5874_19950510_17.tif,0,2005,63531,0,0.0,0.0,0.0,0.9694061279295396
3,TCGA_DU_5874,TCGA_DU_5874_19950510_18.tif,0,1954,63582,0,0.0,0.0,0.0,0.970184326171727
3,TCGA_DU_5874,TCGA_DU_5874_19950510_19.tif,0,1801,63735,0,0.0,0.0,0.0,0.9725189208982892
3,TCGA_DU_5874,TCGA_DU_5874_19950510_2.tif,0,3121,62415,0,0.0,0.0,0.0,0.9523773193357922
3,TCGA_DU_5874,TCGA_DU_5874_19950510_20.tif,0,1240,64173,123,0.0,0.0,0.0,0.9792022705076632
3,TCGA_DU_5874,TCGA_DU_5874_19950510_21.tif,0,1176,63999,361,0.0,0.0,0.0,0.9765472412107885
3,TCGA_DU_5874,TCGA_DU_5874_19950510_22.tif,0,1060,63997,479,0.0,0.0,0.0,0.9765167236326635
3,TCGA_DU_5874,TCGA_DU_5874_19950510_23.tif,0,1338,63409,789,0.0,0.0,0.0,0.967544555663915
3,TCGA_DU_5874,TCGA_DU_5874_19950510_24.tif,0,1515,63127,894,0.0,0.0,0.0,0.9632415771482906
3,TCGA_DU_5874,TCGA_DU_5874_19950510_25.tif,0,1473,63211,852,0.0,0.0,0.0,0.9645233154295404
3,TCGA_DU_5874,TCGA_DU_5874_19950510_26.tif,0,961,63877,698,0.0,0.0,0.0,0.9746856689451638
3,TCGA_DU_5874,TCGA_DU_5874_19950510_27.tif,0,985,64063,488,0.0,0.0,0.0,0.9775238037107884
3,TCGA_DU_5874,TCGA_DU_5874_19950510_28.tif,0,423,65113,0,0.0,0.0,0.0,0.993545532226411
3,TCGA_DU_5874,TCGA_DU_5874_19950510_29.tif,0,1015,64521,0,0.0,0.0,0.0,0.9845123291014123
3,TCGA_DU_5874,TCGA_DU_5874_19950510_3.tif,0,3246,62290,0,0.0,0.0,0.0,0.95046997070298
3,TCGA_DU_5874,TCGA_DU_5874_19950510_30.tif,0,1047,64489,0,0.0,0.0,0.0,0.9840240478514124
3,TCGA_DU_5874,TCGA_DU_5874_19950510_31.tif,0,950,64586,0,0.0,0.0,0.0,0.9855041503904747
3,TCGA_DU_5874,TCGA_DU_5874_19950510_32.tif,0,2438,63098,0,0.0,0.0,0.0,0.9627990722654781
3,TCGA_DU_5874,TCGA_DU_5874_19950510_33.tif,0,2861,62675,0,0.0,0.0,0.0,0.9563446044920416
3,TCGA_DU_5874,TCGA_DU_5874_19950510_34.tif,0,2336,63200,0,0.0,0.0,0.0,0.9643554687498529
3,TCGA_DU_5874,TCGA_DU_5874_19950510_35.tif,0,2466,63070,0,0.0,0.0,0.0,0.9623718261717282
3,TCGA_DU_5874,TCGA_DU_5874_19950510_36.tif,0,1546,63990,0,0.0,0.0,0.0,0.976409912109226
3,TCGA_DU_5874,TCGA_DU_5874_19950510_37.tif,0,12826,52710,0,0.0,0.0,0.0,0.8042907714842523
3,TCGA_DU_5874,TCGA_DU_5874_19950510_38.tif,0,9812,55724,0,0.0,0.0,0.0,0.8502807617186203
3,TCGA_DU_5874,TCGA_DU_5874_19950510_4.tif,0,704,64832,0,0.0,0.0,0.0,0.9892578124998491
3,TCGA_DU_5874,TCGA_DU_5874_19950510_5.tif,0,3026,62510,0,0.0,0.0,0.0,0.9538269042967294
3,TCGA_DU_5874,TCGA_DU_5874_19950510_6.tif,0,3952,61584,0,0.0,0.0,0.0,0.9396972656248567
3,TCGA_DU_5874,TCGA_DU_5874_19950510_7.tif,0,3550,61986,0,0.0,0.0,0.0,0.9458312988279807
3,TCGA_DU_5874,TCGA_DU_5874_19950510_8.tif,0,3851,61685,0,0.0,0.0,0.0,0.941238403320169
3,TCGA_DU_5874,TCGA_DU_5874_19950510_9.tif,0,11,65525,0,0.0,0.0,0.0,0.99983215332016
3,TCGA_DU_6405,TCGA_DU_6405_19851005_1.tif,0,3177,62359,0,0.0,0.0,0.0,0.9515228271482924
3,TCGA_DU_6405,TCGA_DU_6405_19851005_10.tif,0,4088,61448,0,0.0,0.0,0.0,0.937622070312357
3,TCGA_DU_6405,TCGA_DU_6405_19851005_11.tif,0,3986,61550,0,0.0,0.0,0.0,0.9391784667967318
3,TCGA_DU_6405,TCGA_DU_6405_19851005_12.tif,0,3358,62178,0,0.0,0.0,0.0,0.9487609863279802
3,TCGA_DU_6405,TCGA_DU_6405_19851005_13.tif,0,2768,62768,0,0.0,0.0,0.0,0.9577636718748539
3,TCGA_DU_6405,TCGA_DU_6405_19851005_14.tif,0,3246,62290,0,0.0,0.0,0.0,0.95046997070298
3,TCGA_DU_6405,TCGA_DU_6405_19851005_15.tif,0,2886,62650,0,0.0,0.0,0.0,0.9559631347654792
3,TCGA_DU_6405,TCGA_DU_6405_19851005_16.tif,0,2808,62728,0,0.0,0.0,0.0,0.957153320312354
3,TCGA_DU_6405,TCGA_DU_6405_19851005_17.tif,0,2196,63340,0,0.0,0.0,0.0,0.9664916992186026
3,TCGA_DU_6405,TCGA_DU_6405_19851005_18.tif,0,2461,63075,0,0.0,0.0,0.0,0.9624481201170407
3,TCGA_DU_6405,TCGA_DU_6405_19851005_19.tif,0,2334,63202,0,0.0,0.0,0.0,0.9643859863279779
3,TCGA_DU_6405,TCGA_DU_6405_19851005_2.tif,0,6111,59425,0,0.0,0.0,0.0,0.9067535400389242
3,TCGA_DU_6405,TCGA_DU_6405_19851005_20.tif,0,2930,62606,0,0.0,0.0,0.0,0.9552917480467292
3,TCGA_DU_6405,TCGA_DU_6405_19851005_21.tif,0,2728,62808,0,0.0,0.0,0.0,0.9583740234373538
3,TCGA_DU_6405,TCGA_DU_6405_19851005_22.tif,0,2262,63274,0,0.0,0.0,0.0,0.9654846191404777
3,TCGA_DU_6405,TCGA_DU_6405_19851005_23.tif,0,2115,63421,0,0.0,0.0,0.0,0.9677276611326648
3,TCGA_DU_6405,TCGA_DU_6405_19851005_24.tif,0,1896,63640,0,0.0,0.0,0.0,0.9710693359373519
3,TCGA_DU_6405,TCGA_DU_6405_19851005_25.tif,0,1748,63788,0,0.0,0.0,0.0,0.9733276367186016
3,TCGA_DU_6405,TCGA_DU_6405_19851005_26.tif,0,1527,64009,0,0.0,0.0,0.0,0.9766998291014135
3,TCGA_DU_6405,TCGA_DU_6405_19851005_27.tif,0,1449,64087,0,0.0,0.0,0.0,0.9778900146482883
3,TCGA_DU_6405,TCGA_DU_6405_19851005_28.tif,0,1367,64169,0,0.0,0.0,0.0,0.9791412353514132
3,TCGA_DU_6405,TCGA_DU_6405_19851005_29.tif,0,1443,64093,0,0.0,0.0,0.0,0.9779815673826633
3,TCGA_DU_6405,TCGA_DU_6405_19851005_3.tif,0,6202,59334,0,0.0,0.0,0.0,0.9053649902342369
3,TCGA_DU_6405,TCGA_DU_6405_19851005_30.tif,0,1521,64015,0,0.0,0.0,0.0,0.9767913818357885
3,TCGA_DU_6405,TCGA_DU_6405_19851005_31.tif,0,1548,63988,0,0.0,0.0,0.0,0.976379394531101
3,TCGA_DU_6405,TCGA_DU_6405_19851005_32.tif,0,1527,64009,0,0.0,0.0,0.0,0.9766998291014135
3,TCGA_DU_6405,TCGA_DU_6405_19851005_33.tif,0,1645,63891,0,0.0,0.0,0.0,0.9748992919920387
3,TCGA_DU_6405,TCGA_DU_6405_19851005_34.tif,0,1394,64142,0,0.0,0.0,0.0,0.9787292480467257
3,TCGA_DU_6405,TCGA_DU_6405_19851005_35.tif,0,1469,64067,0,0.0,0.0,0.0,0.9775848388670384
3,TCGA_DU_6405,TCGA_DU_6405_19851005_36.tif,0,1537,63999,0,0.0,0.0,0.0,0.9765472412107885
3,TCGA_DU_6405,TCGA_DU_6405_19851005_37.tif,0,1828,63708,0,0.0,0.0,0.0,0.9721069335936017
3,TCGA_DU_6405,TCGA_DU_6405_19851005_38.tif,0,1874,63662,0,0.0,0.0,0.0,0.9714050292967268
3,TCGA_DU_6405,TCGA_DU_6405_19851005_39.tif,0,1621,63915,0,0.0,0.0,0.0,0.9752655029295387
3,TCGA_DU_6405,TCGA_DU_6405_19851005_4.tif,0,201,65335,0,0.0,0.0,0.0,0.9969329833982854
3,TCGA_DU_6405,TCGA_DU_6405_19851005_40.tif,0,1656,63880,0,0.0,0.0,0.0,0.9747314453123513
3,TCGA_DU_6405,TCGA_DU_6405_19851005_41.tif,0,1745,63791,0,0.0,0.0,0.0,0.9733734130857891
3,TCGA_DU_6405,TCGA_DU_6405_19851005_42.tif,0,1639,63805,92,0.0,0.0,0.0,0.973587036132664
3,TCGA_DU_6405,TCGA_DU_6405_19851005_43.tif,0,2257,62985,294,0.0,0.0,0.0,0.9610748291014158
3,TCGA_DU_6405,TCGA_DU_6405_19851005_44.tif,0,2396,62459,681,0.0,0.0,0.0,0.9530487060545422
3,TCGA_DU_6405,TCGA_DU_6405_19851005_45.tif,0,1708,63138,690,0.0,0.0,0.0,0.963409423827978
3,TCGA_DU_6405,TCGA_DU_6405_19851005_46.tif,0,1824,62688,1024,0.0,0.0,0.0,0.9565429687498541
3,TCGA_DU_6405,TCGA_DU_6405_19851005_47.tif,0,1275,63540,721,0.0,0.0,0.0,0.9695434570311021
3,TCGA_DU_6405,TCGA_DU_6405_19851005_48.tif,0,1335,63581,620,0.0,0.0,0.0,0.9701690673826645
3,TCGA_DU_6405,TCGA_DU_6405_19851005_49.tif,0,1308,63732,496,0.0,0.0,0.0,0.9724731445311017
3,TCGA_DU_6405,TCGA_DU_6405_19851005_5.tif,0,5786,59750,0,0.0,0.0,0.0,0.9117126464842359
3,TCGA_DU_6405,TCGA_DU_6405_19851005_50.tif,0,2690,62642,204,0.0,0.0,0.0,0.9558410644529792
3,TCGA_DU_6405,TCGA_DU_6405_19851005_51.tif,0,2592,62944,0,0.0,0.0,0.0,0.9604492187498535
3,TCGA_DU_6405,TCGA_DU_6405_19851005_52.tif,0,2308,63228,0,0.0,0.0,0.0,0.9647827148436028
3,TCGA_DU_6405,TCGA_DU_6405_19851005_53.tif,0,2216,63320,0,0.0,0.0,0.0,0.9661865234373526
3,TCGA_DU_6405,TCGA_DU_6405_19851005_54.tif,0,1711,63825,0,0.0,0.0,0.0,0.973892211913914
3,TCGA_DU_6405,TCGA_DU_6405_19851005_55.tif,0,1558,63978,0,0.0,0.0,0.0,0.9762268066404761
3,TCGA_DU_6405,TCGA_DU_6405_19851005_56.tif,0,456,65080,0,0.0,0.0,0.0,0.9930419921873486
3,TCGA_DU_6405,TCGA_DU_6405_19851005_57.tif,0,129,65407,0,0.0,0.0,0.0,0.9980316162107853
3,TCGA_DU_6405,TCGA_DU_6405_19851005_58.tif,0,33,65503,0,0.0,0.0,0.0,0.9994964599607851
3,TCGA_DU_6405,TCGA_DU_6405_19851005_59.tif,0,1289,64247,0,0.0,0.0,0.0,0.980331420898288
3,TCGA_DU_6405,TCGA_DU_6405_19851005_6.tif,0,5493,60043,0,0.0,0.0,0.0,0.9161834716795477
3,TCGA_DU_6405,TCGA_DU_6405_19851005_60.tif,0,1962,63574,0,0.0,0.0,0.0,0.970062255859227
3,TCGA_DU_6405,TCGA_DU_6405_19851005_7.tif,0,5312,60224,0,0.0,0.0,0.0,0.9189453124998598
3,TCGA_DU_6405,TCGA_DU_6405_19851005_8.tif,0,4734,60802,0,0.0,0.0,0.0,0.9277648925779834
3,TCGA_DU_6405,TCGA_DU_6405_19851005_9.tif,0,4171,61365,0,0.0,0.0,0.0,0.9363555908201696
3,TCGA_DU_7014,TCGA_DU_7014_19860618_1.tif,0,975,64561,0,0.0,0.0,0.0,0.9851226806639122
3,TCGA_DU_7014,TCGA_DU_7014_19860618_10.tif,0,5917,59619,0,0.0,0.0,0.0,0.9097137451170487
3,TCGA_DU_7014,TCGA_DU_7014_19860618_11.tif,0,5681,59855,0,0.0,0.0,0.0,0.9133148193357982
3,TCGA_DU_7014,TCGA_DU_7014_19860618_12.tif,0,2588,62948,0,0.0,0.0,0.0,0.9605102539061035
3,TCGA_DU_7014,TCGA_DU_7014_19860618_13.tif,0,1231,64305,0,0.0,0.0,0.0,0.9812164306639128
3,TCGA_DU_7014,TCGA_DU_7014_19860618_14.tif,0,5753,59783,0,0.0,0.0,0.0,0.9122161865232984
3,TCGA_DU_7014,TCGA_DU_7014_19860618_15.tif,0,6030,59506,0,0.0,0.0,0.0,0.9079895019529864
3,TCGA_DU_7014,TCGA_DU_7014_19860618_16.tif,0,5774,59762,0,0.0,0.0,0.0,0.9118957519529859
3,TCGA_DU_7014,TCGA_DU_7014_19860618_17.tif,0,5636,59900,0,0.0,0.0,0.0,0.9140014648436106
3,TCGA_DU_7014,TCGA_DU_7014_19860618_18.tif,0,18,65518,0,0.0,0.0,0.0,0.9997253417967225
3,TCGA_DU_7014,TCGA_DU_7014_19860618_19.tif,0,16,65520,0,0.0,0.0,0.0,0.9997558593748475
3,TCGA_DU_7014,TCGA_DU_7014_19860618_2.tif,0,2184,63352,0,0.0,0.0,0.0,0.9666748046873526
3,TCGA_DU_7014,TCGA_DU_7014_19860618_20.tif,0,6188,59348,0,0.0,0.0,0.0,0.9055786132811119
3,TCGA_DU_7014,TCGA_DU_7014_19860618_21.tif,0,5513,60023,0,0.0,0.0,0.0,0.9158782958982978
3,TCGA_DU_7014,TCGA_DU_7014_19860618_22.tif,0,5530,59724,282,0.0,0.0,0.0,0.911315917968611
3,TCGA_DU_7014,TCGA_DU_7014_19860618_23.tif,4,4175,60671,686,0.0008221993833487725,0.0009571667863102246,0.005797101449191346,0.9258270263670463
3,TCGA_DU_7014,TCGA_DU_7014_19860618_24.tif,34,4553,59845,1104,0.005974345457729794,0.007412252016552405,0.029876977152637287,0.9136810302732982
3,TCGA_DU_7014,TCGA_DU_7014_19860618_25.tif,642,4905,59069,920,0.0992732333383342,0.11573823688459395,0.41101152368494875,0.9111175537107985
3,TCGA_DU_7014,TCGA_DU_7014_19860618_26.tif,926,4920,59043,647,0.14261512397945078,0.15839890523407732,0.5886840432257554,0.915054321288923
3,TCGA_DU_7014,TCGA_DU_7014_19860618_27.tif,1280,5356,58039,861,0.1707349606506993,0.19288728149458576,0.5978514712723128,0.9051361083982994
3,TCGA_DU_7014,TCGA_DU_7014_19860618_28.tif,979,5242,57687,1628,0.12472926487434739,0.15737019771715582,0.3755274261588971,0.8951721191404884
3,TCGA_DU_7014,TCGA_DU_7014_19860618_29.tif,338,4395,58558,2245,0.04843794783598676,0.07141347982237183,0.13085559426972182,0.8986816406248629
3,TCGA_DU_7014,TCGA_DU_7014_19860618_3.tif,0,2575,62961,0,0.0,0.0,0.0,0.960708618163916
3,TCGA_DU_7014,TCGA_DU_7014_19860618_30.tif,131,3703,59607,2095,0.022094788328517297,0.03416797078759998,0.0588499550761058,0.911529541015486
3,TCGA_DU_7014,TCGA_DU_7014_19860618_31.tif,117,3356,59708,2355,0.02007549759776926,0.03368845378625486,0.047330097087187176,0.9128570556639233
3,TCGA_DU_7014,TCGA_DU_7014_19860618_32.tif,362,3107,59682,2385,0.06183805944642665,0.10435283943469487,0.13178012377090725,0.9161987304686102
3,TCGA_DU_7014,TCGA_DU_7014_19860618_33.tif,583,2727,60454,1772,0.11471861471838898,0.17613293051306306,0.2475583864108384,0.9313507080076704
3,TCGA_DU_7014,TCGA_DU_7014_19860618_34.tif,392,2084,60719,2341,0.08137845131807893,0.15831987075864976,0.1434321258684836,0.9324798583982953
3,TCGA_DU_7014,TCGA_DU_7014_19860618_35.tif,128,1215,60458,3735,0.025206774320549023,0.09530900967911163,0.0331348692725003,0.924468994140484
3,TCGA_DU_7014,TCGA_DU_7014_19860618_36.tif,602,1980,59350,3604,0.09731652117669363,0.23315259488678097,0.14312886352795262,0.9147949218748604
3,TCGA_DU_7014,TCGA_DU_7014_19860618_37.tif,977,1902,60225,2432,0.1839578233850801,0.33935394233991195,0.28659430918073747,0.9338684082029826
3,TCGA_DU_7014,TCGA_DU_7014_19860618_38.tif,1844,2414,59272,2006,0.2943805874835658,0.4330671676833418,0.4789610389597949,0.9325561523436078
3,TCGA_DU_7014,TCGA_DU_7014_19860618_39.tif,2418,2611,59081,1426,0.3745933384967086,0.48081129449099064,0.6290322580628798,0.9384002685545444
3,TCGA_DU_7014,TCGA_DU_7014_19860618_4.tif,0,2745,62791,0,0.0,0.0,0.0,0.9581146240232914
3,TCGA_DU_7014,TCGA_DU_7014_19860618_40.tif,2131,1973,59846,1586,0.3745166959571625,0.5192495126693001,0.5733118105984039,0.9456939697264183
3,TCGA_DU_7014,TCGA_DU_7014_19860618_41.tif,2509,2166,59800,1061,0.43741283124052055,0.5366844919774616,0.7028011204462107,0.9507598876951675
3,TCGA_DU_7014,TCGA_DU_7014_19860618_42.tif,2346,1896,60419,875,0.45847176079644625,0.5530410183862493,0.7283452343969937,0.9577178955076664
3,TCGA_DU_7014,TCGA_DU_7014_19860618_43.tif,1943,1609,61012,972,0.42948717948623016,0.5470157657642257,0.6665523156066328,0.960617065429541
3,TCGA_DU_7014,TCGA_DU_7014_19860618_44.tif,2254,2283,60442,557,0.44248135060769045,0.4968040555422156,0.8018498754862973,0.9566650390623541
3,TCGA_DU_7014,TCGA_DU_7014_19860618_45.tif,2024,2448,60672,392,0.4161184210517761,0.4525939177091847,0.8377483443673934,0.9566650390623541
3,TCGA_DU_7014,TCGA_DU_7014_19860618_46.tif,1605,2319,61011,601,0.3546961325959012,0.4090214067267864,0.727561196732876,0.9554443359373542
3,TCGA_DU_7014,TCGA_DU_7014_19860618_47.tif,1171,2435,61725,205,0.30726843348121946,0.3247365501932204,0.8510174418542804,0.9597167968748536
3,TCGA_DU_7014,TCGA_DU_7014_19860618_48.tif,511,1806,62652,567,0.1771844660188031,0.22054380664557383,0.4740259740215768,0.9637908935545405
3,TCGA_DU_7014,TCGA_DU_7014_19860618_49.tif,0,1303,63792,441,0.0,0.0,0.0,0.9733886718748516
3,TCGA_DU_7014,TCGA_DU_7014_19860618_5.tif,0,4799,60737,0,0.0,0.0,0.0,0.9267730712889212
3,TCGA_DU_7014,TCGA_DU_7014_19860618_50.tif,0,1137,64287,112,0.0,0.0,0.0,0.9809417724607878
3,TCGA_DU_7014,TCGA_DU_7014_19860618_51.tif,0,1818,63567,151,0.0,0.0,0.0,0.9699554443357895
3,TCGA_DU_7014,TCGA_DU_7014_19860618_52.tif,0,1676,63860,0,0.0,0.0,0.0,0.9744262695311013
3,TCGA_DU_7014,TCGA_DU_7014_19860618_53.tif,0,2366,63170,0,0.0,0.0,0.0,0.963897705077978
3,TCGA_DU_7014,TCGA_DU_7014_19860618_54.tif,0,2534,63002,0,0.0,0.0,0.0,0.9613342285154783
3,TCGA_DU_7014,TCGA_DU_7014_19860618_55.tif,0,1858,63678,0,0.0,0.0,0.0,0.9716491699217268
3,TCGA_DU_7014,TCGA_DU_7014_19860618_56.tif,0,2261,63275,0,0.0,0.0,0.0,0.9654998779295402
3,TCGA_DU_7014,TCGA_DU_7014_19860618_57.tif,0,1686,63850,0,0.0,0.0,0.0,0.9742736816404763
3,TCGA_DU_7014,TCGA_DU_7014_19860618_58.tif,0,512,65024,0,0.0,0.0,0.0,0.9921874999998487
3,TCGA_DU_7014,TCGA_DU_7014_19860618_59.tif,0,183,65353,0,0.0,0.0,0.0,0.9972076416014104
3,TCGA_DU_7014,TCGA_DU_7014_19860618_6.tif,0,4664,60872,0,0.0,0.0,0.0,0.9288330078123583
3,TCGA_DU_7014,TCGA_DU_7014_19860618_60.tif,0,362,65174,0,0.0,0.0,0.0,0.9944763183592233
3,TCGA_DU_7014,TCGA_DU_7014_19860618_7.tif,0,3568,61968,0,0.0,0.0,0.0,0.9455566406248558
3,TCGA_DU_7014,TCGA_DU_7014_19860618_8.tif,0,4507,61029,0,0.0,0.0,0.0,0.9312286376951704
3,TCGA_DU_7014,TCGA_DU_7014_19860618_9.tif,0,4834,60702,0,0.0,0.0,0.0,0.9262390136717337
3,TCGA_DU_7299,TCGA_DU_7299_19910417_1.tif,0,2313,63223,0,0.0,0.0,0.0,0.9647064208982903
3,TCGA_DU_7299,TCGA_DU_7299_19910417_10.tif,0,1168,64368,0,0.0,0.0,0.0,0.9821777343748501
3,TCGA_DU_7299,TCGA_DU_7299_19910417_11.tif,0,1331,64205,0,0.0,0.0,0.0,0.9796905517576631
3,TCGA_DU_7299,TCGA_DU_7299_19910417_12.tif,0,2339,63197,0,0.0,0.0,0.0,0.9643096923826654
3,TCGA_DU_7299,TCGA_DU_7299_19910417_13.tif,0,1650,63886,0,0.0,0.0,0.0,0.9748229980467263
3,TCGA_DU_7299,TCGA_DU_7299_19910417_14.tif,0,1431,64105,0,0.0,0.0,0.0,0.9781646728514133
3,TCGA_DU_7299,TCGA_DU_7299_19910417_15.tif,0,812,64724,0,0.0,0.0,0.0,0.9876098632810993
3,TCGA_DU_7299,TCGA_DU_7299_19910417_16.tif,0,1140,64396,0,0.0,0.0,0.0,0.9826049804686001
3,TCGA_DU_7299,TCGA_DU_7299_19910417_17.tif,0,1245,64291,0,0.0,0.0,0.0,0.9810028076170378
3,TCGA_DU_7299,TCGA_DU_7299_19910417_18.tif,0,1228,64308,0,0.0,0.0,0.0,0.9812622070311003
3,TCGA_DU_7299,TCGA_DU_7299_19910417_19.tif,0,1114,64422,0,0.0,0.0,0.0,0.983001708984225
3,TCGA_DU_7299,TCGA_DU_7299_19910417_2.tif,0,2936,62600,0,0.0,0.0,0.0,0.9552001953123543
3,TCGA_DU_7299,TCGA_DU_7299_19910417_20.tif,0,966,64570,0,0.0,0.0,0.0,0.9852600097654747
3,TCGA_DU_7299,TCGA_DU_7299_19910417_21.tif,0,700,64608,228,0.0,0.0,0.0,0.9858398437498496
3,TCGA_DU_7299,TCGA_DU_7299_19910417_22.tif,0,648,64631,257,0.0,0.0,0.0,0.9861907958982871
3,TCGA_DU_7299,TCGA_DU_7299_19910417_23.tif,0,266,64519,751,0.0,0.0,0.0,0.9844818115232873
3,TCGA_DU_7299,TCGA_DU_7299_19910417_24.tif,0,364,64233,939,0.0,0.0,0.0,0.980117797851413
3,TCGA_DU_7299,TCGA_DU_7299_19910417_25.tif,0,858,63573,1105,0.0,0.0,0.0,0.9700469970701645
3,TCGA_DU_7299,TCGA_DU_7299_19910417_26.tif,0,1000,63568,968,0.0,0.0,0.0,0.969970703124852
3,TCGA_DU_7299,TCGA_DU_7299_19910417_27.tif,0,1313,63803,420,0.0,0.0,0.0,0.973556518554539
3,TCGA_DU_7299,TCGA_DU_7299_19910417_28.tif,0,1205,64059,272,0.0,0.0,0.0,0.9774627685545384
3,TCGA_DU_7299,TCGA_DU_7299_19910417_29.tif,0,1687,63849,0,0.0,0.0,0.0,0.9742584228514138
3,TCGA_DU_7299,TCGA_DU_7299_19910417_3.tif,0,3055,62481,0,0.0,0.0,0.0,0.9533843994139171
3,TCGA_DU_7299,TCGA_DU_7299_19910417_30.tif,0,1707,63829,0,0.0,0.0,0.0,0.973953247070164
3,TCGA_DU_7299,TCGA_DU_7299_19910417_31.tif,0,1635,63901,0,0.0,0.0,0.0,0.9750518798826637
3,TCGA_DU_7299,TCGA_DU_7299_19910417_32.tif,0,2204,63332,0,0.0,0.0,0.0,0.9663696289061026
3,TCGA_DU_7299,TCGA_DU_7299_19910417_33.tif,0,2329,63207,0,0.0,0.0,0.0,0.9644622802732904
3,TCGA_DU_7299,TCGA_DU_7299_19910417_34.tif,0,597,64939,0,0.0,0.0,0.0,0.9908905029295364
3,TCGA_DU_7299,TCGA_DU_7299_19910417_35.tif,0,118,65418,0,0.0,0.0,0.0,0.9981994628904727
3,TCGA_DU_7299,TCGA_DU_7299_19910417_36.tif,0,26865,38671,0,0.0,0.0,0.0,0.5900726318358475
3,TCGA_DU_7299,TCGA_DU_7299_19910417_4.tif,0,3346,62190,0,0.0,0.0,0.0,0.9489440917967302
3,TCGA_DU_7299,TCGA_DU_7299_19910417_5.tif,0,1479,64057,0,0.0,0.0,0.0,0.9774322509764134
3,TCGA_DU_7299,TCGA_DU_7299_19910417_6.tif,0,786,64750,0,0.0,0.0,0.0,0.9880065917967242
3,TCGA_DU_7299,TCGA_DU_7299_19910417_7.tif,0,1149,64387,0,0.0,0.0,0.0,0.9824676513670376
3,TCGA_DU_7299,TCGA_DU_7299_19910417_8.tif,0,1452,64084,0,0.0,0.0,0.0,0.9778442382811008
3,TCGA_DU_7299,TCGA_DU_7299_19910417_9.tif,0,666,64870,0,0.0,0.0,0.0,0.989837646484224
3,TCGA_DU_7309,TCGA_DU_7309_19960831_1.tif,0,3289,62247,0,0.0,0.0,0.0,0.9498138427732926
3,TCGA_DU_7309,TCGA_DU_7309_19960831_10.tif,0,2574,62962,0,0.0,0.0,0.0,0.9607238769529785
3,TCGA_DU_7309,TCGA_DU_7309_19960831_11.tif,0,2539,62997,0,0.0,0.0,0.0,0.9612579345701658
3,TCGA_DU_7309,TCGA_DU_7309_19960831_12.tif,0,2270,63266,0,0.0,0.0,0.0,0.9653625488279778
3,TCGA_DU_7309,TCGA_DU_7309_19960831_13.tif,0,3480,62056,0,0.0,0.0,0.0,0.9468994140623556
3,TCGA_DU_7309,TCGA_DU_7309_19960831_14.tif,0,2905,62631,0,0.0,0.0,0.0,0.9556732177732917
3,TCGA_DU_7309,TCGA_DU_7309_19960831_15.tif,0,2219,63317,0,0.0,0.0,0.0,0.9661407470701652
3,TCGA_DU_7309,TCGA_DU_7309_19960831_16.tif,0,1905,63631,0,0.0,0.0,0.0,0.9709320068357894
3,TCGA_DU_7309,TCGA_DU_7309_19960831_17.tif,0,1763,63773,0,0.0,0.0,0.0,0.9730987548826641
3,TCGA_DU_7309,TCGA_DU_7309_19960831_18.tif,0,1560,63976,0,0.0,0.0,0.0,0.9761962890623511
3,TCGA_DU_7309,TCGA_DU_7309_19960831_19.tif,0,1331,64205,0,0.0,0.0,0.0,0.9796905517576631
3,TCGA_DU_7309,TCGA_DU_7309_19960831_2.tif,0,1863,63673,0,0.0,0.0,0.0,0.9715728759764143
3,TCGA_DU_7309,TCGA_DU_7309_19960831_20.tif,0,1554,63982,0,0.0,0.0,0.0,0.9762878417967261
3,TCGA_DU_7309,TCGA_DU_7309_19960831_21.tif,0,1500,63797,239,0.0,0.0,0.0,0.973464965820164
3,TCGA_DU_7309,TCGA_DU_7309_19960831_22.tif,0,1647,63228,661,0.0,0.0,0.0,0.9647827148436028
3,TCGA_DU_7309,TCGA_DU_7309_19960831_23.tif,0,1672,63128,736,0.0,0.0,0.0,0.963256835937353
3,TCGA_DU_7309,TCGA_DU_7309_19960831_24.tif,0,1718,62941,877,0.0,0.0,0.0,0.960403442382666
3,TCGA_DU_7309,TCGA_DU_7309_19960831_25.tif,0,1471,63086,979,0.0,0.0,0.0,0.9626159667967281
3,TCGA_DU_7309,TCGA_DU_7309_19960831_26.tif,2,1856,62638,1040,0.0006901311249113523,0.0010764262647950677,0.0019193857965266856,0.9558105468748542
3,TCGA_DU_7309,TCGA_DU_7309_19960831_27.tif,0,1793,62802,941,0.0,0.0,0.0,0.9582824707029788
3,TCGA_DU_7309,TCGA_DU_7309_19960831_28.tif,0,1872,63154,510,0.0,0.0,0.0,0.963653564452978
3,TCGA_DU_7309,TCGA_DU_7309_19960831_29.tif,0,2127,63026,383,0.0,0.0,0.0,0.9617004394529783
3,TCGA_DU_7309,TCGA_DU_7309_19960831_3.tif,0,1854,63682,0,0.0,0.0,0.0,0.9717102050779768
3,TCGA_DU_7309,TCGA_DU_7309_19960831_30.tif,0,2181,63355,0,0.0,0.0,0.0,0.9667205810545401
3,TCGA_DU_7309,TCGA_DU_7309_19960831_31.tif,0,2272,63264,0,0.0,0.0,0.0,0.9653320312498528
3,TCGA_DU_7309,TCGA_DU_7309_19960831_32.tif,0,2376,63160,0,0.0,0.0,0.0,0.963745117187353
3,TCGA_DU_7309,TCGA_DU_7309_19960831_33.tif,0,1991,63545,0,0.0,0.0,0.0,0.9696197509764146
3,TCGA_DU_7309,TCGA_DU_7309_19960831_34.tif,0,2517,63019,0,0.0,0.0,0.0,0.9615936279295408
3,TCGA_DU_7309,TCGA_DU_7309_19960831_35.tif,0,2140,63396,0,0.0,0.0,0.0,0.9673461914061025
3,TCGA_DU_7309,TCGA_DU_7309_19960831_36.tif,0,1180,64356,0,0.0,0.0,0.0,0.9819946289061002
3,TCGA_DU_7309,TCGA_DU_7309_19960831_37.tif,0,74,65462,0,0.0,0.0,0.0,0.9988708496092227
3,TCGA_DU_7309,TCGA_DU_7309_19960831_38.tif,0,27,65509,0,0.0,0.0,0.0,0.9995880126951601
3,TCGA_DU_7309,TCGA_DU_7309_19960831_39.tif,0,24913,40623,0,0.0,0.0,0.0,0.6198577880858429
3,TCGA_DU_7309,TCGA_DU_7309_19960831_4.tif,0,2269,63267,0,0.0,0.0,0.0,0.9653778076170403
3,TCGA_DU_7309,TCGA_DU_7309_19960831_40.tif,0,21441,44095,0,0.0,0.0,0.0,0.6728363037108349
3,TCGA_DU_7309,TCGA_DU_7309_19960831_5.tif,0,2202,63334,0,0.0,0.0,0.0,0.9664001464842276
3,TCGA_DU_7309,TCGA_DU_7309_19960831_6.tif,0,2755,62781,0,0.0,0.0,0.0,0.9579620361326664
3,TCGA_DU_7309,TCGA_DU_7309_19960831_7.tif,0,3732,61804,0,0.0,0.0,0.0,0.9430541992186061
3,TCGA_DU_7309,TCGA_DU_7309_19960831_8.tif,0,2332,63204,0,0.0,0.0,0.0,0.9644165039061029
3,TCGA_DU_7309,TCGA_DU_7309_19960831_9.tif,0,1496,64040,0,0.0,0.0,0.0,0.9771728515623509
3,TCGA_DU_8166,TCGA_DU_8166_19970322_1.tif,0,1752,63784,0,0.0,0.0,0.0,0.9732666015623516
3,TCGA_DU_8166,TCGA_DU_8166_19970322_10.tif,0,1705,63831,0,0.0,0.0,0.0,0.973983764648289
3,TCGA_DU_8166,TCGA_DU_8166_19970322_11.tif,0,1738,63798,0,0.0,0.0,0.0,0.9734802246092265
3,TCGA_DU_8166,TCGA_DU_8166_19970322_12.tif,0,1718,63818,0,0.0,0.0,0.0,0.9737854003904765
3,TCGA_DU_8166,TCGA_DU_8166_19970322_13.tif,0,1446,64090,0,0.0,0.0,0.0,0.9779357910154758
3,TCGA_DU_8166,TCGA_DU_8166_19970322_14.tif,0,1246,64290,0,0.0,0.0,0.0,0.9809875488279753
3,TCGA_DU_8166,TCGA_DU_8166_19970322_15.tif,0,1210,64326,0,0.0,0.0,0.0,0.9815368652342252
3,TCGA_DU_8166,TCGA_DU_8166_19970322_16.tif,0,1183,64353,0,0.0,0.0,0.0,0.9819488525389127
3,TCGA_DU_8166,TCGA_DU_8166_19970322_17.tif,0,1207,64329,0,0.0,0.0,0.0,0.9815826416014127
3,TCGA_DU_8166,TCGA_DU_8166_19970322_18.tif,0,1134,64402,0,0.0,0.0,0.0,0.9826965332029751
3,TCGA_DU_8166,TCGA_DU_8166_19970322_19.tif,0,1082,63367,1087,0.0,0.0,0.0,0.96690368652329
3,TCGA_DU_8166,TCGA_DU_8166_19970322_2.tif,0,2653,62883,0,0.0,0.0,0.0,0.9595184326170412
3,TCGA_DU_8166,TCGA_DU_8166_19970322_20.tif,0,897,63214,1425,0.0,0.0,0.0,0.9645690917967279
3,TCGA_DU_8166,TCGA_DU_8166_19970322_21.tif,0,925,62480,2131,0.0,0.0,0.0,0.9533691406248546
3,TCGA_DU_8166,TCGA_DU_8166_19970322_22.tif,0,1161,61608,2767,0.0,0.0,0.0,0.9400634765623566
3,TCGA_DU_8166,TCGA_DU_8166_19970322_23.tif,0,1198,61843,2495,0.0,0.0,0.0,0.9436492919920435
3,TCGA_DU_8166,TCGA_DU_8166_19970322_24.tif,0,1412,61650,2474,0.0,0.0,0.0,0.9407043457029814
3,TCGA_DU_8166,TCGA_DU_8166_19970322_25.tif,0,1380,60972,3184,0.0,0.0,0.0,0.9303588867186081
3,TCGA_DU_8166,TCGA_DU_8166_19970322_26.tif,0,1274,61499,2763,0.0,0.0,0.0,0.9384002685545444
3,TCGA_DU_8166,TCGA_DU_8166_19970322_27.tif,0,1431,61232,2873,0.0,0.0,0.0,0.9343261718748574
3,TCGA_DU_8166,TCGA_DU_8166_19970322_28.tif,0,1534,62070,1932,0.0,0.0,0.0,0.9471130371092306
3,TCGA_DU_8166,TCGA_DU_8166_19970322_29.tif,0,1810,61371,2355,0.0,0.0,0.0,0.9364471435545446
3,TCGA_DU_8166,TCGA_DU_8166_19970322_3.tif,0,3816,61720,0,0.0,0.0,0.0,0.9417724609373563
3,TCGA_DU_8166,TCGA_DU_8166_19970322_30.tif,0,1658,62288,1590,0.0,0.0,0.0,0.950439453124855
3,TCGA_DU_8166,TCGA_DU_8166_19970322_31.tif,0,2226,62609,701,0.0,0.0,0.0,0.9553375244139167
3,TCGA_DU_8166,TCGA_DU_8166_19970322_32.tif,0,2101,63435,0,0.0,0.0,0.0,0.9679412841795398
3,TCGA_DU_8166,TCGA_DU_8166_19970322_33.tif,0,1781,63755,0,0.0,0.0,0.0,0.9728240966795391
3,TCGA_DU_8166,TCGA_DU_8166_19970322_34.tif,0,1059,64477,0,0.0,0.0,0.0,0.9838409423826624
3,TCGA_DU_8166,TCGA_DU_8166_19970322_35.tif,0,47213,18323,0,0.0,0.0,0.0,0.27958679199214487
3,TCGA_DU_8166,TCGA_DU_8166_19970322_36.tif,0,44261,21275,0,0.0,0.0,0.0,0.324630737304638
3,TCGA_DU_8166,TCGA_DU_8166_19970322_4.tif,0,3674,61862,0,0.0,0.0,0.0,0.943939208984231
3,TCGA_DU_8166,TCGA_DU_8166_19970322_5.tif,0,2572,62964,0,0.0,0.0,0.0,0.9607543945311035
3,TCGA_DU_8166,TCGA_DU_8166_19970322_6.tif,0,2342,63194,0,0.0,0.0,0.0,0.9642639160154779
3,TCGA_DU_8166,TCGA_DU_8166_19970322_7.tif,0,2091,63445,0,0.0,0.0,0.0,0.9680938720701648
3,TCGA_DU_8166,TCGA_DU_8166_19970322_8.tif,0,2607,62929,0,0.0,0.0,0.0,0.9602203369139161
3,TCGA_DU_8166,TCGA_DU_8166_19970322_9.tif,0,2008,63528,0,0.0,0.0,0.0,0.9693603515623521
3,TCGA_DU_A5TS,TCGA_DU_A5TS_19970726_1.tif,0,382,65154,0,0.0,0.0,0.0,0.9941711425779733
3,TCGA_DU_A5TS,TCGA_DU_A5TS_19970726_10.tif,0,1897,62878,761,0.0,0.0,0.0,0.9594421386717287
3,TCGA_DU_A5TS,TCGA_DU_A5TS_19970726_11.tif,0,2335,61999,1202,0.0,0.0,0.0,0.9460296630857932
3,TCGA_DU_A5TS,TCGA_DU_A5TS_19970726_12.tif,0,1969,62148,1419,0.0,0.0,0.0,0.9483032226561053
3,TCGA_DU_A5TS,TCGA_DU_A5TS_19970726_13.tif,0,1409,61595,2532,0.0,0.0,0.0,0.9398651123045442
3,TCGA_DU_A5TS,TCGA_DU_A5TS_19970726_14.tif,0,1165,60956,3415,0.0,0.0,0.0,0.9301147460936081
3,TCGA_DU_A5TS,TCGA_DU_A5TS_19970726_15.tif,0,821,60680,4035,0.0,0.0,0.0,0.9259033203123588
3,TCGA_DU_A5TS,TCGA_DU_A5TS_19970726_16.tif,0,976,60481,4079,0.0,0.0,0.0,0.9228668212889217
3,TCGA_DU_A5TS,TCGA_DU_A5TS_19970726_17.tif,0,1138,60625,3773,0.0,0.0,0.0,0.9250640869139214
3,TCGA_DU_A5TS,TCGA_DU_A5TS_19970726_18.tif,0,1252,60842,3442,0.0,0.0,0.0,0.9283752441404833
3,TCGA_DU_A5TS,TCGA_DU_A5TS_19970726_19.tif,0,1500,61345,2691,0.0,0.0,0.0,0.9360504150389197
3,TCGA_DU_A5TS,TCGA_DU_A5TS_19970726_2.tif,0,1398,64138,0,0.0,0.0,0.0,0.9786682128904757
3,TCGA_DU_A5TS,TCGA_DU_A5TS_19970726_20.tif,0,1759,61715,2062,0.0,0.0,0.0,0.9416961669920438
3,TCGA_DU_A5TS,TCGA_DU_A5TS_19970726_21.tif,0,1517,62823,1196,0.0,0.0,0.0,0.9586029052732913
3,TCGA_DU_A5TS,TCGA_DU_A5TS_19970726_22.tif,0,1778,63245,513,0.0,0.0,0.0,0.9650421142576653
3,TCGA_DU_A5TS,TCGA_DU_A5TS_19970726_23.tif,0,1046,64490,0,0.0,0.0,0.0,0.9840393066404749
3,TCGA_DU_A5TS,TCGA_DU_A5TS_19970726_24.tif,0,1846,63690,0,0.0,0.0,0.0,0.9718322753904768
3,TCGA_DU_A5TS,TCGA_DU_A5TS_19970726_25.tif,0,2122,63414,0,0.0,0.0,0.0,0.9676208496092273
3,TCGA_DU_A5TS,TCGA_DU_A5TS_19970726_26.tif,0,2330,63206,0,0.0,0.0,0.0,0.9644470214842279
3,TCGA_DU_A5TS,TCGA_DU_A5TS_19970726_27.tif,0,2287,63249,0,0.0,0.0,0.0,0.9651031494139153
3,TCGA_DU_A5TS,TCGA_DU_A5TS_19970726_28.tif,0,2435,63101,0,0.0,0.0,0.0,0.9628448486326656
3,TCGA_DU_A5TS,TCGA_DU_A5TS_19970726_29.tif,0,2662,62874,0,0.0,0.0,0.0,0.9593811035154787
3,TCGA_DU_A5TS,TCGA_DU_A5TS_19970726_3.tif,0,2311,63225,0,0.0,0.0,0.0,0.9647369384764153
3,TCGA_DU_A5TS,TCGA_DU_A5TS_19970726_30.tif,0,2535,63001,0,0.0,0.0,0.0,0.9613189697264158
3,TCGA_DU_A5TS,TCGA_DU_A5TS_19970726_31.tif,0,3164,62372,0,0.0,0.0,0.0,0.9517211914061048
3,TCGA_DU_A5TS,TCGA_DU_A5TS_19970726_32.tif,0,1765,63771,0,0.0,0.0,0.0,0.9730682373045391
3,TCGA_DU_A5TS,TCGA_DU_A5TS_19970726_33.tif,0,1271,64265,0,0.0,0.0,0.0,0.980606079101413
3,TCGA_DU_A5TS,TCGA_DU_A5TS_19970726_34.tif,0,15871,49665,0,0.0,0.0,0.0,0.7578277587889469
3,TCGA_DU_A5TS,TCGA_DU_A5TS_19970726_35.tif,0,0,65536,0,0.0,0.0,0.0,0.9999999999998475
3,TCGA_DU_A5TS,TCGA_DU_A5TS_19970726_4.tif,0,2184,63352,0,0.0,0.0,0.0,0.9666748046873526
3,TCGA_DU_A5TS,TCGA_DU_A5TS_19970726_5.tif,0,2289,63247,0,0.0,0.0,0.0,0.9650726318357903
3,TCGA_DU_A5TS,TCGA_DU_A5TS_19970726_6.tif,0,2472,63064,0,0.0,0.0,0.0,0.9622802734373532
3,TCGA_DU_A5TS,TCGA_DU_A5TS_19970726_7.tif,0,2591,62945,0,0.0,0.0,0.0,0.960464477538916
3,TCGA_DU_A5TS,TCGA_DU_A5TS_19970726_8.tif,0,2291,63245,0,0.0,0.0,0.0,0.9650421142576653
3,TCGA_DU_A5TS,TCGA_DU_A5TS_19970726_9.tif,0,2043,63045,448,0.0,0.0,0.0,0.9619903564451657
3,TCGA_EZ_7264,TCGA_EZ_7264_20010816_1.tif,0,5239,60297,0,0.0,0.0,0.0,0.9200592041014222
3,TCGA_EZ_7264,TCGA_EZ_7264_20010816_10.tif,0,1434,64102,0,0.0,0.0,0.0,0.9781188964842258
3,TCGA_EZ_7264,TCGA_EZ_7264_20010816_11.tif,0,1089,64447,0,0.0,0.0,0.0,0.9833831787107875
3,TCGA_EZ_7264,TCGA_EZ_7264_20010816_12.tif,0,549,64987,0,0.0,0.0,0.0,0.9916229248045363
3,TCGA_EZ_7264,TCGA_EZ_7264_20010816_13.tif,0,787,64749,0,0.0,0.0,0.0,0.9879913330076617
3,TCGA_EZ_7264,TCGA_EZ_7264_20010816_14.tif,0,1232,64304,0,0.0,0.0,0.0,0.9812011718748503
3,TCGA_EZ_7264,TCGA_EZ_7264_20010816_15.tif,0,972,64564,0,0.0,0.0,0.0,0.9851684570310997
3,TCGA_EZ_7264,TCGA_EZ_7264_20010816_16.tif,0,1092,63869,575,0.0,0.0,0.0,0.9745635986326638
3,TCGA_EZ_7264,TCGA_EZ_7264_20010816_17.tif,90,1050,62943,1453,0.034708831469206676,0.07894736842036011,0.05832793259845543,0.9618072509764157
3,TCGA_EZ_7264,TCGA_EZ_7264_20010816_18.tif,131,1094,62955,1356,0.050755521115649925,0.10693877550933112,0.088096839273113,0.9626159667967281
3,TCGA_EZ_7264,TCGA_EZ_7264_20010816_19.tif,158,1327,62591,1460,0.05365025466874822,0.10639730639658992,0.09765142150743109,0.9574737548826664
3,TCGA_EZ_7264,TCGA_EZ_7264_20010816_2.tif,0,3039,62497,0,0.0,0.0,0.0,0.9536285400389171
3,TCGA_EZ_7264,TCGA_EZ_7264_20010816_20.tif,421,2049,62362,704,0.1326402016378934,0.1704453441288646,0.37422222221889584,0.9579925537107914
3,TCGA_EZ_7264,TCGA_EZ_7264_20010816_21.tif,30,2009,62998,499,0.011820330969220567,0.014713094654170119,0.05671077504618694,0.9617309570311033
3,TCGA_EZ_7264,TCGA_EZ_7264_20010816_22.tif,0,2089,63447,0,0.0,0.0,0.0,0.9681243896482898
3,TCGA_EZ_7264,TCGA_EZ_7264_20010816_23.tif,0,2023,63513,0,0.0,0.0,0.0,0.9691314697264146
3,TCGA_EZ_7264,TCGA_EZ_7264_20010816_24.tif,0,1747,63789,0,0.0,0.0,0.0,0.9733428955076641
3,TCGA_EZ_7264,TCGA_EZ_7264_20010816_3.tif,0,3702,61834,0,0.0,0.0,0.0,0.9435119628904811
3,TCGA_EZ_7264,TCGA_EZ_7264_20010816_4.tif,0,3131,62405,0,0.0,0.0,0.0,0.9522247314451673
3,TCGA_EZ_7264,TCGA_EZ_7264_20010816_5.tif,0,1393,64143,0,0.0,0.0,0.0,0.9787445068357882
3,TCGA_EZ_7264,TCGA_EZ_7264_20010816_6.tif,0,1020,64516,0,0.0,0.0,0.0,0.9844360351560998
3,TCGA_EZ_7264,TCGA_EZ_7264_20010816_7.tif,0,1868,63668,0,0.0,0.0,0.0,0.9714965820311018
3,TCGA_EZ_7264,TCGA_EZ_7264_20010816_8.tif,0,1955,63581,0,0.0,0.0,0.0,0.9701690673826645
3,TCGA_EZ_7264,TCGA_EZ_7264_20010816_9.tif,0,1480,64056,0,0.0,0.0,0.0,0.9774169921873509
3,TCGA_FG_6691,TCGA_FG_6691_20020405_1.tif,0,5228,60308,0,0.0,0.0,0.0,0.9202270507811097
3,TCGA_FG_6691,TCGA_FG_6691_20020405_10.tif,0,5197,60339,0,0.0,0.0,0.0,0.9207000732420471
3,TCGA_FG_6691,TCGA_FG_6691_20020405_11.tif,0,4428,61108,0,0.0,0.0,0.0,0.9324340820311078
3,TCGA_FG_6691,TCGA_FG_6691_20020405_12.tif,0,3421,62115,0,0.0,0.0,0.0,0.947799682617043
3,TCGA_FG_6691,TCGA_FG_6691_20020405_13.tif,0,2224,63312,0,0.0,0.0,0.0,0.9660644531248527
3,TCGA_FG_6691,TCGA_FG_6691_20020405_14.tif,0,2583,62953,0,0.0,0.0,0.0,0.960586547851416
3,TCGA_FG_6691,TCGA_FG_6691_20020405_15.tif,0,3006,62530,0,0.0,0.0,0.0,0.9541320800779794
3,TCGA_FG_6691,TCGA_FG_6691_20020405_16.tif,0,2965,62571,0,0.0,0.0,0.0,0.9547576904295418
3,TCGA_FG_6691,TCGA_FG_6691_20020405_17.tif,0,2258,63278,0,0.0,0.0,0.0,0.9655456542967277
3,TCGA_FG_6691,TCGA_FG_6691_20020405_18.tif,0,2140,63396,0,0.0,0.0,0.0,0.9673461914061025
3,TCGA_FG_6691,TCGA_FG_6691_20020405_19.tif,0,1641,63895,0,0.0,0.0,0.0,0.9749603271482887
3,TCGA_FG_6691,TCGA_FG_6691_20020405_2.tif,0,5284,60252,0,0.0,0.0,0.0,0.9193725585936098
3,TCGA_FG_6691,TCGA_FG_6691_20020405_20.tif,0,1295,63831,410,0.0,0.0,0.0,0.973983764648289
3,TCGA_FG_6691,TCGA_FG_6691_20020405_21.tif,566,2052,62210,708,0.1701743836435052,0.2161955691359198,0.44427001569509994,0.9578857421873539
3,TCGA_FG_6691,TCGA_FG_6691_20020405_22.tif,900,1740,62013,883,0.25546409310174434,0.3409090909077996,0.5047672462114147,0.9599761962889161
3,TCGA_FG_6691,TCGA_FG_6691_20020405_23.tif,828,1736,61647,1325,0.21290820262223475,0.32293291731543317,0.38457965629175767,0.9532928466795421
3,TCGA_FG_6691,TCGA_FG_6691_20020405_24.tif,428,1544,61536,2028,0.1069999999997325,0.21703853955265195,0.17426710097648915,0.9454956054686058
3,TCGA_FG_6691,TCGA_FG_6691_20020405_25.tif,933,2030,60941,1632,0.20304678998867673,0.3148835639543878,0.36374269005706145,0.944122314452981
3,TCGA_FG_6691,TCGA_FG_6691_20020405_26.tif,817,1896,61015,1808,0.1807122318067226,0.30114264651566114,0.3112380952369096,0.9434814453123561
3,TCGA_FG_6691,TCGA_FG_6691_20020405_27.tif,303,1614,61393,2226,0.07313540912364679,0.15805946791779835,0.11981020166026173,0.9414062499998564
3,TCGA_FG_6691,TCGA_FG_6691_20020405_28.tif,397,1579,61538,2022,0.09929964982466409,0.20091093117307232,0.16411740388522483,0.9450531005857933
3,TCGA_FG_6691,TCGA_FG_6691_20020405_29.tif,825,1591,61779,1341,0.21959009848224756,0.3414735099323615,0.38088642659103933,0.9552612304686042
3,TCGA_FG_6691,TCGA_FG_6691_20020405_3.tif,0,4825,60711,0,0.0,0.0,0.0,0.9263763427732962
3,TCGA_FG_6691,TCGA_FG_6691_20020405_30.tif,725,1668,62349,794,0.22748666457412148,0.3029669870442835,0.477287689266114,0.9624328613279782
3,TCGA_FG_6691,TCGA_FG_6691_20020405_31.tif,7,1398,63877,254,0.004219409282674989,0.00498220640565849,0.026819923370619926,0.9747924804686013
3,TCGA_FG_6691,TCGA_FG_6691_20020405_32.tif,0,1636,63900,0,0.0,0.0,0.0,0.9750366210936012
3,TCGA_FG_6691,TCGA_FG_6691_20020405_33.tif,0,1647,63889,0,0.0,0.0,0.0,0.9748687744139138
3,TCGA_FG_6691,TCGA_FG_6691_20020405_34.tif,0,1417,64119,0,0.0,0.0,0.0,0.9783782958982883
3,TCGA_FG_6691,TCGA_FG_6691_20020405_35.tif,0,1573,63963,0,0.0,0.0,0.0,0.9759979248045386
3,TCGA_FG_6691,TCGA_FG_6691_20020405_36.tif,0,1573,63963,0,0.0,0.0,0.0,0.9759979248045386
3,TCGA_FG_6691,TCGA_FG_6691_20020405_37.tif,0,1295,64241,0,0.0,0.0,0.0,0.980239868163913
3,TCGA_FG_6691,TCGA_FG_6691_20020405_38.tif,0,1377,64159,0,0.0,0.0,0.0,0.9789886474607882
3,TCGA_FG_6691,TCGA_FG_6691_20020405_39.tif,0,957,64579,0,0.0,0.0,0.0,0.9853973388670372
3,TCGA_FG_6691,TCGA_FG_6691_20020405_4.tif,0,4152,61384,0,0.0,0.0,0.0,0.9366455078123571
3,TCGA_FG_6691,TCGA_FG_6691_20020405_40.tif,0,674,64862,0,0.0,0.0,0.0,0.989715576171724
3,TCGA_FG_6691,TCGA_FG_6691_20020405_41.tif,0,512,65024,0,0.0,0.0,0.0,0.9921874999998487
3,TCGA_FG_6691,TCGA_FG_6691_20020405_42.tif,0,1223,64313,0,0.0,0.0,0.0,0.9813385009764128
3,TCGA_FG_6691,TCGA_FG_6691_20020405_43.tif,0,1945,63591,0,0.0,0.0,0.0,0.9703216552732895
3,TCGA_FG_6691,TCGA_FG_6691_20020405_44.tif,0,1283,64253,0,0.0,0.0,0.0,0.980422973632663
3,TCGA_FG_6691,TCGA_FG_6691_20020405_45.tif,0,473,65063,0,0.0,0.0,0.0,0.9927825927732861
3,TCGA_FG_6691,TCGA_FG_6691_20020405_46.tif,0,753,64783,0,0.0,0.0,0.0,0.9885101318357867
3,TCGA_FG_6691,TCGA_FG_6691_20020405_47.tif,0,1994,63542,0,0.0,0.0,0.0,0.9695739746092271
3,TCGA_FG_6691,TCGA_FG_6691_20020405_48.tif,0,1889,63647,0,0.0,0.0,0.0,0.9711761474607894
3,TCGA_FG_6691,TCGA_FG_6691_20020405_5.tif,0,5001,60535,0,0.0,0.0,0.0,0.9236907958982966
3,TCGA_FG_6691,TCGA_FG_6691_20020405_6.tif,0,4999,60537,0,0.0,0.0,0.0,0.9237213134764216
3,TCGA_FG_6691,TCGA_FG_6691_20020405_7.tif,0,5732,59804,0,0.0,0.0,0.0,0.9125366210936108
3,TCGA_FG_6691,TCGA_FG_6691_20020405_8.tif,0,6231,59305,0,0.0,0.0,0.0,0.9049224853514245
3,TCGA_FG_6691,TCGA_FG_6691_20020405_9.tif,0,4309,61227,0,0.0,0.0,0.0,0.934249877929545
3,TCGA_FG_A4MT,TCGA_FG_A4MT_20020212_1.tif,0,4798,60738,0,0.0,0.0,0.0,0.9267883300779837
3,TCGA_FG_A4MT,TCGA_FG_A4MT_20020212_10.tif,23,1082,62469,1962,0.0074991848711852,0.020814479637820685,0.01158690176316581,0.9535522460936046
3,TCGA_FG_A4MT,TCGA_FG_A4MT_20020212_11.tif,1024,2688,60492,1332,0.20301348136359434,0.2758620689647741,0.43463497453126215,0.9386596679686068
3,TCGA_FG_A4MT,TCGA_FG_A4MT_20020212_12.tif,505,1757,60875,2399,0.10834584853012584,0.22325375773552938,0.17389807162474555,0.9365844726561071
3,TCGA_FG_A4MT,TCGA_FG_A4MT_20020212_13.tif,1675,2704,59501,1656,0.2775476387733595,0.38250742178492236,0.5028519963959687,0.9334716796873576
3,TCGA_FG_A4MT,TCGA_FG_A4MT_20020212_14.tif,1716,2534,59626,1660,0.2903553299487473,0.4037647058814029,0.5082938388610536,0.9360046386717322
3,TCGA_FG_A4MT,TCGA_FG_A4MT_20020212_15.tif,138,853,61021,3524,0.03056478405308845,0.13925327951423558,0.03768432550508552,0.9332122802732952
3,TCGA_FG_A4MT,TCGA_FG_A4MT_20020212_16.tif,9,365,61285,3877,0.0021171489061347516,0.024064171122351225,0.0023160061760105098,0.9352722167967323
3,TCGA_FG_A4MT,TCGA_FG_A4MT_20020212_17.tif,0,264,61715,3557,0.0,0.0,0.0,0.9416961669920438
3,TCGA_FG_A4MT,TCGA_FG_A4MT_20020212_18.tif,25,428,61561,3522,0.006289308176084807,0.05518763796787665,0.00704820975470243,0.9397277832029817
3,TCGA_FG_A4MT,TCGA_FG_A4MT_20020212_19.tif,2,318,61851,3365,0.0005427408412468311,0.006249999999804687,0.0005940005939988299,0.9438018798826685
3,TCGA_FG_A4MT,TCGA_FG_A4MT_20020212_2.tif,0,2748,62788,0,0.0,0.0,0.0,0.9580688476561039
3,TCGA_FG_A4MT,TCGA_FG_A4MT_20020212_20.tif,1,310,61790,3435,0.00026695141484178606,0.0032154340834978958,0.0002910360884741239,0.9428558349607937
3,TCGA_FG_A4MT,TCGA_FG_A4MT_20020212_21.tif,0,247,62010,3279,0.0,0.0,0.0,0.9461975097654807
3,TCGA_FG_A4MT,TCGA_FG_A4MT_20020212_22.tif,0,240,62367,2929,0.0,0.0,0.0,0.9516448974607923
3,TCGA_FG_A4MT,TCGA_FG_A4MT_20020212_23.tif,0,131,63002,2403,0.0,0.0,0.0,0.9613342285154783
3,TCGA_FG_A4MT,TCGA_FG_A4MT_20020212_24.tif,0,176,63889,1471,0.0,0.0,0.0,0.9748687744139138
3,TCGA_FG_A4MT,TCGA_FG_A4MT_20020212_25.tif,0,211,64938,387,0.0,0.0,0.0,0.9908752441404739
3,TCGA_FG_A4MT,TCGA_FG_A4MT_20020212_26.tif,0,453,65083,0,0.0,0.0,0.0,0.993087768554536
3,TCGA_FG_A4MT,TCGA_FG_A4MT_20020212_27.tif,0,134,65402,0,0.0,0.0,0.0,0.9979553222654728
3,TCGA_FG_A4MT,TCGA_FG_A4MT_20020212_28.tif,0,80,65456,0,0.0,0.0,0.0,0.9987792968748477
3,TCGA_FG_A4MT,TCGA_FG_A4MT_20020212_29.tif,0,57,65479,0,0.0,0.0,0.0,0.9991302490232851
3,TCGA_FG_A4MT,TCGA_FG_A4MT_20020212_3.tif,0,3650,61886,0,0.0,0.0,0.0,0.944305419921731
3,TCGA_FG_A4MT,TCGA_FG_A4MT_20020212_30.tif,0,172,65364,0,0.0,0.0,0.0,0.9973754882810979
3,TCGA_FG_A4MT,TCGA_FG_A4MT_20020212_31.tif,0,161,65375,0,0.0,0.0,0.0,0.9975433349607853
3,TCGA_FG_A4MT,TCGA_FG_A4MT_20020212_32.tif,0,176,65360,0,0.0,0.0,0.0,0.9973144531248479
3,TCGA_FG_A4MT,TCGA_FG_A4MT_20020212_33.tif,0,465,65071,0,0.0,0.0,0.0,0.9929046630857861
3,TCGA_FG_A4MT,TCGA_FG_A4MT_20020212_34.tif,0,426,65110,0,0.0,0.0,0.0,0.9934997558592235
3,TCGA_FG_A4MT,TCGA_FG_A4MT_20020212_35.tif,0,701,64835,0,0.0,0.0,0.0,0.9893035888670366
3,TCGA_FG_A4MT,TCGA_FG_A4MT_20020212_36.tif,0,845,64691,0,0.0,0.0,0.0,0.987106323242037
3,TCGA_FG_A4MT,TCGA_FG_A4MT_20020212_37.tif,0,467,65069,0,0.0,0.0,0.0,0.9928741455076611
3,TCGA_FG_A4MT,TCGA_FG_A4MT_20020212_38.tif,0,743,64793,0,0.0,0.0,0.0,0.9886627197264117
3,TCGA_FG_A4MT,TCGA_FG_A4MT_20020212_39.tif,0,976,64560,0,0.0,0.0,0.0,0.9851074218748497
3,TCGA_FG_A4MT,TCGA_FG_A4MT_20020212_4.tif,0,168,65368,0,0.0,0.0,0.0,0.9974365234373479
3,TCGA_FG_A4MT,TCGA_FG_A4MT_20020212_40.tif,0,860,64676,0,0.0,0.0,0.0,0.9868774414060995
3,TCGA_FG_A4MT,TCGA_FG_A4MT_20020212_41.tif,0,1034,64502,0,0.0,0.0,0.0,0.9842224121092249
3,TCGA_FG_A4MT,TCGA_FG_A4MT_20020212_42.tif,0,1124,64412,0,0.0,0.0,0.0,0.9828491210936001
3,TCGA_FG_A4MT,TCGA_FG_A4MT_20020212_43.tif,0,1249,64287,0,0.0,0.0,0.0,0.9809417724607878
3,TCGA_FG_A4MT,TCGA_FG_A4MT_20020212_44.tif,0,825,64711,0,0.0,0.0,0.0,0.9874114990232868
3,TCGA_FG_A4MT,TCGA_FG_A4MT_20020212_45.tif,0,1406,64130,0,0.0,0.0,0.0,0.9785461425779757
3,TCGA_FG_A4MT,TCGA_FG_A4MT_20020212_46.tif,0,1711,63825,0,0.0,0.0,0.0,0.973892211913914
3,TCGA_FG_A4MT,TCGA_FG_A4MT_20020212_47.tif,0,374,65162,0,0.0,0.0,0.0,0.9942932128904733
3,TCGA_FG_A4MT,TCGA_FG_A4MT_20020212_48.tif,0,1592,63944,0,0.0,0.0,0.0,0.9757080078123511
3,TCGA_FG_A4MT,TCGA_FG_A4MT_20020212_49.tif,0,208,65328,0,0.0,0.0,0.0,0.9968261718748479
3,TCGA_FG_A4MT,TCGA_FG_A4MT_20020212_5.tif,0,1008,64528,0,0.0,0.0,0.0,0.9846191406248498
3,TCGA_FG_A4MT,TCGA_FG_A4MT_20020212_50.tif,0,219,65317,0,0.0,0.0,0.0,0.9966583251951605
3,TCGA_FG_A4MT,TCGA_FG_A4MT_20020212_6.tif,0,1699,63837,0,0.0,0.0,0.0,0.974075317382664
3,TCGA_FG_A4MT,TCGA_FG_A4MT_20020212_7.tif,0,2650,62722,164,0.0,0.0,0.0,0.957061767577979
3,TCGA_FG_A4MT,TCGA_FG_A4MT_20020212_8.tif,4,1662,62913,957,0.001524971406780309,0.00240096038413925,0.00416233090526366,0.9600372314451661
3,TCGA_FG_A4MT,TCGA_FG_A4MT_20020212_9.tif,1,902,63246,1387,0.0004366812227055167,0.001107419712058611,0.000720461095095674,0.9650726318357903
3,TCGA_HT_7608,TCGA_HT_7608_19940304_1.tif,0,1836,63700,0,0.0,0.0,0.0,0.9719848632811017
3,TCGA_HT_7608,TCGA_HT_7608_19940304_10.tif,0,2290,63246,0,0.0,0.0,0.0,0.9650573730467278
3,TCGA_HT_7608,TCGA_HT_7608_19940304_11.tif,0,2357,62519,660,0.0,0.0,0.0,0.953964233398292
3,TCGA_HT_7608,TCGA_HT_7608_19940304_12.tif,0,1777,63353,406,0.0,0.0,0.0,0.9666900634764151
3,TCGA_HT_7608,TCGA_HT_7608_19940304_13.tif,0,1352,63483,701,0.0,0.0,0.0,0.9686737060545397
3,TCGA_HT_7608,TCGA_HT_7608_19940304_14.tif,0,1001,61745,2790,0.0,0.0,0.0,0.9421539306639187
3,TCGA_HT_7608,TCGA_HT_7608_19940304_15.tif,0,752,61603,3181,0.0,0.0,0.0,0.9399871826170441
3,TCGA_HT_7608,TCGA_HT_7608_19940304_16.tif,0,859,60766,3911,0.0,0.0,0.0,0.9272155761717336
3,TCGA_HT_7608,TCGA_HT_7608_19940304_17.tif,0,646,60234,4656,0.0,0.0,0.0,0.9190979003904848
3,TCGA_HT_7608,TCGA_HT_7608_19940304_18.tif,0,553,60480,4503,0.0,0.0,0.0,0.9228515624998592
3,TCGA_HT_7608,TCGA_HT_7608_19940304_19.tif,0,1127,59739,4670,0.0,0.0,0.0,0.9115447998045485
3,TCGA_HT_7608,TCGA_HT_7608_19940304_2.tif,0,1897,63639,0,0.0,0.0,0.0,0.9710540771482894
3,TCGA_HT_7608,TCGA_HT_7608_19940304_20.tif,0,648,61346,3542,0.0,0.0,0.0,0.9360656738279822
3,TCGA_HT_7608,TCGA_HT_7608_19940304_21.tif,0,851,62917,1768,0.0,0.0,0.0,0.9600372314451661
3,TCGA_HT_7608,TCGA_HT_7608_19940304_22.tif,0,592,63603,1341,0.0,0.0,0.0,0.9705047607420395
3,TCGA_HT_7608,TCGA_HT_7608_19940304_23.tif,0,1680,63026,830,0.0,0.0,0.0,0.9617004394529783
3,TCGA_HT_7608,TCGA_HT_7608_19940304_24.tif,0,1417,63517,602,0.0,0.0,0.0,0.9691925048826646
3,TCGA_HT_7608,TCGA_HT_7608_19940304_25.tif,0,2046,63490,0,0.0,0.0,0.0,0.9687805175779772
3,TCGA_HT_7608,TCGA_HT_7608_19940304_26.tif,0,1925,63611,0,0.0,0.0,0.0,0.9706268310545394
3,TCGA_HT_7608,TCGA_HT_7608_19940304_27.tif,0,1503,64033,0,0.0,0.0,0.0,0.9770660400389135
3,TCGA_HT_7608,TCGA_HT_7608_19940304_28.tif,0,1614,63922,0,0.0,0.0,0.0,0.9753723144529762
3,TCGA_HT_7608,TCGA_HT_7608_19940304_3.tif,0,929,64607,0,0.0,0.0,0.0,0.9858245849607871
3,TCGA_HT_7608,TCGA_HT_7608_19940304_4.tif,0,3014,62522,0,0.0,0.0,0.0,0.9540100097654794
3,TCGA_HT_7608,TCGA_HT_7608_19940304_5.tif,0,2872,62664,0,0.0,0.0,0.0,0.9561767578123541
3,TCGA_HT_7608,TCGA_HT_7608_19940304_6.tif,0,2868,62668,0,0.0,0.0,0.0,0.9562377929686041
3,TCGA_HT_7608,TCGA_HT_7608_19940304_7.tif,0,1828,63708,0,0.0,0.0,0.0,0.9721069335936017
3,TCGA_HT_7608,TCGA_HT_7608_19940304_8.tif,0,1673,63863,0,0.0,0.0,0.0,0.9744720458982888
3,TCGA_HT_7608,TCGA_HT_7608_19940304_9.tif,0,2008,63528,0,0.0,0.0,0.0,0.9693603515623521
3,TCGA_HT_7692,TCGA_HT_7692_19960724_1.tif,0,3232,62304,0,0.0,0.0,0.0,0.950683593749855
3,TCGA_HT_7692,TCGA_HT_7692_19960724_10.tif,0,1422,64114,0,0.0,0.0,0.0,0.9783020019529758
3,TCGA_HT_7692,TCGA_HT_7692_19960724_11.tif,0,825,64711,0,0.0,0.0,0.0,0.9874114990232868
3,TCGA_HT_7692,TCGA_HT_7692_19960724_12.tif,0,850,64686,0,0.0,0.0,0.0,0.9870300292967245
3,TCGA_HT_7692,TCGA_HT_7692_19960724_13.tif,0,759,64777,0,0.0,0.0,0.0,0.9884185791014117
3,TCGA_HT_7692,TCGA_HT_7692_19960724_14.tif,0,697,64839,0,0.0,0.0,0.0,0.9893646240232866
3,TCGA_HT_7692,TCGA_HT_7692_19960724_15.tif,0,948,64498,90,0.0,0.0,0.0,0.9841613769529749
3,TCGA_HT_7692,TCGA_HT_7692_19960724_16.tif,296,1007,64078,155,0.20301783264606985,0.2271680736743886,0.6563192904510794,0.9822692871092251
3,TCGA_HT_7692,TCGA_HT_7692_19960724_17.tif,711,1196,63568,61,0.3612804878030423,0.3728369166210129,0.9209844559466194,0.9808197021482878
3,TCGA_HT_7692,TCGA_HT_7692_19960724_18.tif,847,1866,62821,2,0.3119705340688325,0.31220051603276006,0.9976442873851867,0.9714965820311018
3,TCGA_HT_7692,TCGA_HT_7692_19960724_19.tif,710,1432,63391,3,0.3310023310007879,0.3314659196996664,0.9957924263534952,0.9781036376951633
3,TCGA_HT_7692,TCGA_HT_7692_19960724_2.tif,0,3365,62171,0,0.0,0.0,0.0,0.9486541748045428
3,TCGA_HT_7692,TCGA_HT_7692_19960724_20.tif,240,2529,62767,0,0.08667388949047788,0.08667388949047788,0.9999999999583333,0.9614105224607908
3,TCGA_HT_7692,TCGA_HT_7692_19960724_3.tif,0,3395,62141,0,0.0,0.0,0.0,0.9481964111326678
3,TCGA_HT_7692,TCGA_HT_7692_19960724_4.tif,0,2489,63047,0,0.0,0.0,0.0,0.9620208740232907
3,TCGA_HT_7692,TCGA_HT_7692_19960724_5.tif,0,3064,62472,0,0.0,0.0,0.0,0.9532470703123546
3,TCGA_HT_7692,TCGA_HT_7692_19960724_6.tif,0,2014,63522,0,0.0,0.0,0.0,0.9692687988279771
3,TCGA_HT_7692,TCGA_HT_7692_19960724_7.tif,0,2299,63237,0,0.0,0.0,0.0,0.9649200439451653
3,TCGA_HT_7692,TCGA_HT_7692_19960724_8.tif,0,1987,63549,0,0.0,0.0,0.0,0.9696807861326646
3,TCGA_HT_7692,TCGA_HT_7692_19960724_9.tif,0,1731,63805,0,0.0,0.0,0.0,0.973587036132664
3,TCGA_HT_7860,TCGA_HT_7860_19960513_1.tif,0,0,65536,0,0.0,0.0,0.0,0.9999999999998475
3,TCGA_HT_7860,TCGA_HT_7860_19960513_10.tif,0,924,64612,0,0.0,0.0,0.0,0.9859008789060996
3,TCGA_HT_7860,TCGA_HT_7860_19960513_11.tif,0,679,64857,0,0.0,0.0,0.0,0.9896392822264115
3,TCGA_HT_7860,TCGA_HT_7860_19960513_12.tif,0,732,64804,0,0.0,0.0,0.0,0.9888305664060991
3,TCGA_HT_7860,TCGA_HT_7860_19960513_13.tif,0,557,64227,752,0.0,0.0,0.0,0.980026245117038
3,TCGA_HT_7860,TCGA_HT_7860_19960513_14.tif,0,412,64206,918,0.0,0.0,0.0,0.9797058105467256
3,TCGA_HT_7860,TCGA_HT_7860_19960513_15.tif,0,414,63971,1151,0.0,0.0,0.0,0.9761199951170386
3,TCGA_HT_7860,TCGA_HT_7860_19960513_16.tif,0,417,64444,675,0.0,0.0,0.0,0.9833374023436
3,TCGA_HT_7860,TCGA_HT_7860_19960513_17.tif,0,395,64848,293,0.0,0.0,0.0,0.989501953124849
3,TCGA_HT_7860,TCGA_HT_7860_19960513_18.tif,12,1638,63841,45,0.007079646017657348,0.007272727272683196,0.21052631575253924,0.9743194580076638
3,TCGA_HT_7860,TCGA_HT_7860_19960513_19.tif,0,810,64726,0,0.0,0.0,0.0,0.9876403808592243
3,TCGA_HT_7860,TCGA_HT_7860_19960513_2.tif,0,104,65432,0,0.0,0.0,0.0,0.9984130859373477
3,TCGA_HT_7860,TCGA_HT_7860_19960513_20.tif,0,1894,63642,0,0.0,0.0,0.0,0.9710998535154769
3,TCGA_HT_7860,TCGA_HT_7860_19960513_21.tif,0,1304,64232,0,0.0,0.0,0.0,0.9801025390623505
3,TCGA_HT_7860,TCGA_HT_7860_19960513_22.tif,0,2588,62948,0,0.0,0.0,0.0,0.9605102539061035
3,TCGA_HT_7860,TCGA_HT_7860_19960513_3.tif,0,3426,62110,0,0.0,0.0,0.0,0.9477233886717304
3,TCGA_HT_7860,TCGA_HT_7860_19960513_4.tif,0,2780,62756,0,0.0,0.0,0.0,0.9575805664061039
3,TCGA_HT_7860,TCGA_HT_7860_19960513_5.tif,0,1918,63618,0,0.0,0.0,0.0,0.9707336425779769
3,TCGA_HT_7860,TCGA_HT_7860_19960513_6.tif,0,2000,63536,0,0.0,0.0,0.0,0.9694824218748521
3,TCGA_HT_7860,TCGA_HT_7860_19960513_7.tif,0,2435,63101,0,0.0,0.0,0.0,0.9628448486326656
3,TCGA_HT_7860,TCGA_HT_7860_19960513_8.tif,0,2024,63512,0,0.0,0.0,0.0,0.9691162109373521
3,TCGA_HT_7860,TCGA_HT_7860_19960513_9.tif,0,676,64860,0,0.0,0.0,0.0,0.989685058593599
3,TCGA_HT_7884,TCGA_HT_7884_19980913_1.tif,0,831,64705,0,0.0,0.0,0.0,0.9873199462889118
3,TCGA_HT_7884,TCGA_HT_7884_19980913_10.tif,14,535,63671,1316,0.007506702412828383,0.025500910746347888,0.010526315789394539,0.9717559814451643
3,TCGA_HT_7884,TCGA_HT_7884_19980913_11.tif,17,560,64395,564,0.014899211218099045,0.029462738301049174,0.029259896729272636,0.9828491210936001
3,TCGA_HT_7884,TCGA_HT_7884_19980913_12.tif,0,655,64641,240,0.0,0.0,0.0,0.9863433837889121
3,TCGA_HT_7884,TCGA_HT_7884_19980913_13.tif,0,521,65015,0,0.0,0.0,0.0,0.9920501708982862
3,TCGA_HT_7884,TCGA_HT_7884_19980913_14.tif,0,141,65395,0,0.0,0.0,0.0,0.9978485107420353
3,TCGA_HT_7884,TCGA_HT_7884_19980913_15.tif,0,578,64958,0,0.0,0.0,0.0,0.9911804199217238
3,TCGA_HT_7884,TCGA_HT_7884_19980913_16.tif,0,598,64938,0,0.0,0.0,0.0,0.9908752441404739
3,TCGA_HT_7884,TCGA_HT_7884_19980913_17.tif,0,896,64640,0,0.0,0.0,0.0,0.9863281249998496
3,TCGA_HT_7884,TCGA_HT_7884_19980913_18.tif,0,433,65103,0,0.0,0.0,0.0,0.993392944335786
3,TCGA_HT_7884,TCGA_HT_7884_19980913_19.tif,0,525,65011,0,0.0,0.0,0.0,0.9919891357420362
3,TCGA_HT_7884,TCGA_HT_7884_19980913_2.tif,0,2945,62591,0,0.0,0.0,0.0,0.9550628662107918
3,TCGA_HT_7884,TCGA_HT_7884_19980913_20.tif,0,3240,62296,0,0.0,0.0,0.0,0.950561523437355
3,TCGA_HT_7884,TCGA_HT_7884_19980913_3.tif,0,1673,63863,0,0.0,0.0,0.0,0.9744720458982888
3,TCGA_HT_7884,TCGA_HT_7884_19980913_4.tif,0,1301,64235,0,0.0,0.0,0.0,0.980148315429538
3,TCGA_HT_7884,TCGA_HT_7884_19980913_5.tif,0,2059,63477,0,0.0,0.0,0.0,0.9685821533201647
3,TCGA_HT_7884,TCGA_HT_7884_19980913_6.tif,193,1729,63303,311,0.08643081056835454,0.10041623309000824,0.38293650792891,0.9688720703123522
3,TCGA_HT_7884,TCGA_HT_7884_19980913_7.tif,803,1757,62729,247,0.286070537939843,0.31367187499877475,0.7647619047546214,0.9694213867186021
3,TCGA_HT_7884,TCGA_HT_7884_19980913_8.tif,254,912,63304,1066,0.11379928315361201,0.2178387650067081,0.1924242424227847,0.969818115234227
3,TCGA_HT_7884,TCGA_HT_7884_19980913_9.tif,0,412,63697,1427,0.0,0.0,0.0,0.9719390869139143
3,TCGA_HT_8111,TCGA_HT_8111_19980330_1.tif,0,0,65536,0,0.0,0.0,0.0,0.9999999999998475
3,TCGA_HT_8111,TCGA_HT_8111_19980330_10.tif,0,415,65121,0,0.0,0.0,0.0,0.993667602538911
3,TCGA_HT_8111,TCGA_HT_8111_19980330_11.tif,0,604,64932,0,0.0,0.0,0.0,0.9907836914060989
3,TCGA_HT_8111,TCGA_HT_8111_19980330_12.tif,0,373,65163,0,0.0,0.0,0.0,0.9943084716795358
3,TCGA_HT_8111,TCGA_HT_8111_19980330_13.tif,0,271,65265,0,0.0,0.0,0.0,0.9958648681639106
3,TCGA_HT_8111,TCGA_HT_8111_19980330_14.tif,488,282,64280,486,0.38853503184404037,0.633766233758003,0.5010266940400305,0.9882812499998492
3,TCGA_HT_8111,TCGA_HT_8111_19980330_15.tif,80,26,63933,1497,0.04990642545196565,0.7547169810608758,0.05072923272003343,0.9767608642576635
3,TCGA_HT_8111,TCGA_HT_8111_19980330_16.tif,1534,208,63304,490,0.6872759856600033,0.880597014920318,0.7579051383361763,0.9893493652342241
3,TCGA_HT_8111,TCGA_HT_8111_19980330_17.tif,1848,902,62654,132,0.6412213740435766,0.6719999999975564,0.9333333333286196,0.9842224121092249
3,TCGA_HT_8111,TCGA_HT_8111_19980330_18.tif,1491,929,63010,106,0.5902612826579958,0.6161157024767929,0.9336255478964708,0.9842071533201624
3,TCGA_HT_8111,TCGA_HT_8111_19980330_19.tif,935,1589,63001,11,0.36883629191176004,0.37044374009361947,0.9883720930128079,0.9755859374998512
3,TCGA_HT_8111,TCGA_HT_8111_19980330_2.tif,0,319,65217,0,0.0,0.0,0.0,0.9951324462889107
3,TCGA_HT_8111,TCGA_HT_8111_19980330_20.tif,238,216,64928,154,0.39144736841461436,0.5242290748783209,0.6071428571273688,0.9943542480467233
3,TCGA_HT_8111,TCGA_HT_8111_19980330_21.tif,0,2708,62828,0,0.0,0.0,0.0,0.9586791992186038
3,TCGA_HT_8111,TCGA_HT_8111_19980330_22.tif,0,0,65536,0,0.0,0.0,0.0,0.9999999999998475
3,TCGA_HT_8111,TCGA_HT_8111_19980330_3.tif,0,652,64884,0,0.0,0.0,0.0,0.990051269531099
3,TCGA_HT_8111,TCGA_HT_8111_19980330_4.tif,0,2104,63432,0,0.0,0.0,0.0,0.9678955078123523
3,TCGA_HT_8111,TCGA_HT_8111_19980330_5.tif,0,1854,63682,0,0.0,0.0,0.0,0.9717102050779768
3,TCGA_HT_8111,TCGA_HT_8111_19980330_6.tif,0,1681,63855,0,0.0,0.0,0.0,0.9743499755857888
3,TCGA_HT_8111,TCGA_HT_8111_19980330_7.tif,0,1693,63843,0,0.0,0.0,0.0,0.9741668701170388
3,TCGA_HT_8111,TCGA_HT_8111_19980330_8.tif,0,633,64903,0,0.0,0.0,0.0,0.9903411865232864
3,TCGA_HT_8111,TCGA_HT_8111_19980330_9.tif,0,109,65427,0,0.0,0.0,0.0,0.9983367919920352
3,TCGA_HT_A616,TCGA_HT_A616_19991226_1.tif,0,1635,63901,0,0.0,0.0,0.0,0.9750518798826637
3,TCGA_HT_A616,TCGA_HT_A616_19991226_10.tif,0,499,65037,0,0.0,0.0,0.0,0.9923858642576611
3,TCGA_HT_A616,TCGA_HT_A616_19991226_11.tif,0,347,65189,0,0.0,0.0,0.0,0.9947052001951607
3,TCGA_HT_A616,TCGA_HT_A616_19991226_12.tif,0,527,64742,267,0.0,0.0,0.0,0.9878845214842243
3,TCGA_HT_A616,TCGA_HT_A616_19991226_13.tif,0,694,64108,734,0.0,0.0,0.0,0.9782104492186008
3,TCGA_HT_A616,TCGA_HT_A616_19991226_14.tif,0,334,63898,1304,0.0,0.0,0.0,0.9750061035154762
3,TCGA_HT_A616,TCGA_HT_A616_19991226_15.tif,0,237,63786,1513,0.0,0.0,0.0,0.9732971191404766
3,TCGA_HT_A616,TCGA_HT_A616_19991226_16.tif,0,211,63561,1764,0.0,0.0,0.0,0.9698638916014145
3,TCGA_HT_A616,TCGA_HT_A616_19991226_17.tif,0,267,63413,1856,0.0,0.0,0.0,0.967605590820165
3,TCGA_HT_A616,TCGA_HT_A616_19991226_18.tif,0,276,63672,1588,0.0,0.0,0.0,0.9715576171873518
3,TCGA_HT_A616,TCGA_HT_A616_19991226_19.tif,0,253,64394,889,0.0,0.0,0.0,0.9825744628904751
3,TCGA_HT_A616,TCGA_HT_A616_19991226_2.tif,0,2130,63406,0,0.0,0.0,0.0,0.9674987792967275
3,TCGA_HT_A616,TCGA_HT_A616_19991226_20.tif,0,276,64908,352,0.0,0.0,0.0,0.9904174804685989
3,TCGA_HT_A616,TCGA_HT_A616_19991226_21.tif,0,921,64506,109,0.0,0.0,0.0,0.9842834472654749
3,TCGA_HT_A616,TCGA_HT_A616_19991226_22.tif,0,681,64814,41,0.0,0.0,0.0,0.9889831542967241
3,TCGA_HT_A616,TCGA_HT_A616_19991226_23.tif,0,1463,64073,0,0.0,0.0,0.0,0.9776763916014134
3,TCGA_HT_A616,TCGA_HT_A616_19991226_24.tif,0,1406,64130,0,0.0,0.0,0.0,0.9785461425779757
3,TCGA_HT_A616,TCGA_HT_A616_19991226_25.tif,0,1420,64116,0,0.0,0.0,0.0,0.9783325195311008
3,TCGA_HT_A616,TCGA_HT_A616_19991226_26.tif,0,2026,63510,0,0.0,0.0,0.0,0.9690856933592271
3,TCGA_HT_A616,TCGA_HT_A616_19991226_27.tif,0,2351,63185,0,0.0,0.0,0.0,0.9641265869139154
3,TCGA_HT_A616,TCGA_HT_A616_19991226_28.tif,0,2905,62631,0,0.0,0.0,0.0,0.9556732177732917
3,TCGA_HT_A616,TCGA_HT_A616_19991226_3.tif,0,1601,63935,0,0.0,0.0,0.0,0.9755706787107887
3,TCGA_HT_A616,TCGA_HT_A616_19991226_4.tif,0,2132,63404,0,0.0,0.0,0.0,0.9674682617186025
3,TCGA_HT_A616,TCGA_HT_A616_19991226_5.tif,0,2205,63331,0,0.0,0.0,0.0,0.9663543701170401
3,TCGA_HT_A616,TCGA_HT_A616_19991226_6.tif,0,1435,64101,0,0.0,0.0,0.0,0.9781036376951633
3,TCGA_HT_A616,TCGA_HT_A616_19991226_7.tif,0,1548,63988,0,0.0,0.0,0.0,0.976379394531101
3,TCGA_HT_A616,TCGA_HT_A616_19991226_8.tif,0,1506,64030,0,0.0,0.0,0.0,0.977020263671726
3,TCGA_HT_A616,TCGA_HT_A616_19991226_9.tif,0,705,64831,0,0.0,0.0,0.0,0.9892425537107866
